COUNTRY;FECHA;CONTAGIADOS;FALLECIDOS;RECUPERADOS;HOSPITALIZADOS;UCIs
BOLIVIA;08/03/2020;1;0;0;0;
BOLIVIA;09/03/2020;1;0;0;0;
BOLIVIA;10/03/2020;5;0;0;0;
BOLIVIA;11/03/2020;3;0;0;0;
BOLIVIA;12/03/2020;0;0;0;0;
BOLIVIA;13/03/2020;2;0;0;0;
BOLIVIA;14/03/2020;0;0;0;0;
BOLIVIA;15/03/2020;1;0;0;0;
BOLIVIA;16/03/2020;1;0;0;0;
BOLIVIA;17/03/2020;1;0;0;0;
BOLIVIA;18/03/2020;3;0;0;0;
BOLIVIA;19/03/2020;2;0;0;0;
BOLIVIA;20/03/2020;7;0;0;0;
BOLIVIA;21/03/2020;3;0;0;0;
BOLIVIA;22/03/2020;0;0;0;0;
BOLIVIA;23/03/2020;1;0;0;0;
BOLIVIA;24/03/2020;1;0;0;0;
BOLIVIA;25/03/2020;7;0;0;0;
BOLIVIA;26/03/2020;22;0;0;0;
BOLIVIA;27/03/2020;13;0;0;0;
BOLIVIA;28/03/2020;7;0;0;0;
BOLIVIA;29/03/2020;7;3;0;0;
BOLIVIA;30/03/2020;11;0;0;0;
BOLIVIA;31/03/2020;8;0;0;0;
BOLIVIA;01/04/2020;8;0;1;0;
BOLIVIA;02/04/2020;9;0;1;0;
BOLIVIA;03/04/2020;7;0;1;0;
BOLIVIA;04/04/2020;18;0;0;0;
BOLIVIA;05/04/2020;26;1;0;0;
BOLIVIA;06/04/2020;11;3;0;0;
BOLIVIA;07/04/2020;16;0;0;0;
BOLIVIA;07/04/2020;16;15;0;;
BOLIVIA;08/04/2020;54;18;0;;
BOLIVIA;09/04/2020;4;19;0;;
BOLIVIA;10/04/2020;7;20;0;;
BOLIVIA;11/04/2020;25;24;0;;
BOLIVIA;12/04/2020;30;27;0;;
BOLIVIA;13/04/2020;24;28;6;;
BOLIVIA;14/04/2020;43;0;7;;
BOLIVIA;15/04/2020;44;29;14;;
BOLIVIA;16/04/2020;24;31;26;;
BOLIVIA;17/04/2020;28;0;31;;
BOLIVIA;18/04/2020;27;32;0;;
BOLIVIA;19/04/2020;44;33;0;;
BOLIVIA;20/04/2020;34;34;37;;
BOLIVIA;21/04/2020;11;37;44;;
BOLIVIA;22/04/2020;63;40;0;;
BOLIVIA;23/04/2020;31;43;54;;
BOLIVIA;24/04/2020;104;44;63;;
BOLIVIA;25/04/2020;59;46;75;;
BOLIVIA;26/04/2020;84;50;81;;
BOLIVIA;27/04/2020;64;53;100;;
BOLIVIA;28/04/2020;39;55;110;;
BOLIVIA;29/04/2020;57;59;117;;
BOLIVIA;30/04/2020;57;62;132;;
BOLIVIA;01/05/2020;62;66;134;;
BOLIVIA;02/05/2020;241;71;159;;
BOLIVIA;03/05/2020;124;76;166;;
BOLIVIA;04/05/2020;87;82;174;;
BOLIVIA;05/05/2020;121;86;187;;
BOLIVIA;06/05/2020;84;91;198;;
BOLIVIA;07/05/2020;195;102;219;;
BOLIVIA;08/05/2020;185;106;237;;
BOLIVIA;09/05/2020;171;114;258;;
BOLIVIA;10/05/2020;119;117;273;;
BOLIVIA;11/05/2020;275;122;299;;
BOLIVIA;12/05/2020;133;128;313;;
BOLIVIA;13/05/2020;184;142;339;;
BOLIVIA;14/05/2020;224;152;356;;
BOLIVIA;15/05/2020;205;164;434;;
BOLIVIA;16/05/2020;249;165;473;;
BOLIVIA;17/05/2020;262;169;493;;
BOLIVIA;18/05/2020;175;174;503;;
BOLIVIA;19/05/2020;218;189;533;;
BOLIVIA;20/05/2020;438;199;553;;
BOLIVIA;21/05/2020;268;215;561;;
BOLIVIA;22/05/2020;392;230;575;;
BOLIVIA;23/05/2020;336;240;609;;
BOLIVIA;24/05/2020;348;250;629;;
BOLIVIA;25/05/2020;397;261;647;;
BOLIVIA;26/05/2020;476;263;677;;
BOLIVIA;27/05/2020;632;280;689;;
BOLIVIA;28/05/2020;619;293;738;;
BOLIVIA;29/05/2020;344;300;749;;
BOLIVIA;30/05/2020;861;310;889;;
BOLIVIA;31/05/2020;390;313;986;;
BOLIVIA;01/06/2020;549;343;1132;;
BOLIVIA;02/06/2020;460;376;1298;;
BOLIVIA;03/06/2020;647;400;1507;;
BOLIVIA;04/06/2020;607;415;1658;;
BOLIVIA;05/06/2020;483;427;1734;;
BOLIVIA;06/06/2020;630;454;1902;;
BOLIVIA;07/06/2020;285;465;2086;;
BOLIVIA;08/06/2020;306;475;2159;;
BOLIVIA;09/06/2020;695;487;2190;;
BOLIVIA;10/06/2020;637;512;2261;;
BOLIVIA;11/06/2020;884;533;2372;;
BOLIVIA;12/06/2020;764;559;2431;;
BOLIVIA;13/06/2020;913;585;2768;;
BOLIVIA;14/06/2020;617;611;3113;;
BOLIVIA;15/06/2020;614;632;3430;;
BOLIVIA;16/06/2020;810;659;3752;;
BOLIVIA;17/06/2020;802;679;4002;;
BOLIVIA;18/06/2020;814;697;4320;;
BOLIVIA;19/06/2020;977;715;4670;;
BOLIVIA;20/06/2020;1036;740;5086;;
BOLIVIA;21/06/2020;876;773;773;;
BOLIVIA;22/06/2020;1105;820;820;;
BOLIVIA;23/06/2020;896;846;896;;
BOLIVIA;24/06/2020;1098;876;876;;
BOLIVIA;25/06/2020;1016;913;913;;
BOLIVIA;26/06/2020;920;934;934;;
BOLIVIA;27/06/2020;1253;970;970;;
BOLIVIA;28/06/2020;848;1014;1014;;
BOLIVIA;29/06/2020;601;1071;1071;;
BOLIVIA;30/06/2020;1094;1123;1123;;
BRAZIL;26/02/2020;1;0;0;0;
BRAZIL;27/02/2020;0;0;0;0;
BRAZIL;28/02/2020;0;0;0;0;
BRAZIL;29/02/2020;0;0;0;0;
BRAZIL;01/03/2020;0;0;0;0;
BRAZIL;02/03/2020;0;0;0;0;
BRAZIL;03/03/2020;1;0;0;0;
BRAZIL;04/03/2020;0;0;0;0;
BRAZIL;05/03/2020;4;0;0;0;
BRAZIL;06/03/2020;1;0;0;0;
BRAZIL;07/03/2020;11;0;0;0;
BRAZIL;08/03/2020;0;0;0;0;
BRAZIL;09/03/2020;6;0;0;0;
BRAZIL;10/03/2020;0;0;0;0;
BRAZIL;11/03/2020;9;0;0;0;
BRAZIL;12/03/2020;18;0;0;0;
BRAZIL;13/03/2020;46;0;0;0;
BRAZIL;14/03/2020;23;0;0;0;
BRAZIL;15/03/2020;0;0;0;0;
BRAZIL;16/03/2020;79;0;0;0;
BRAZIL;17/03/2020;34;0;0;0;
BRAZIL;18/03/2020;57;1;0;0;
BRAZIL;19/03/2020;137;3;0;0;
BRAZIL;20/03/2020;193;0;0;0;
BRAZIL;21/03/2020;283;7;0;0;
BRAZIL;22/03/2020;0;0;0;0;
BRAZIL;23/03/2020;0;0;0;0;
BRAZIL;24/03/2020;1297;35;0;0;
BRAZIL;25/03/2020;0;0;0;0;
BRAZIL;26/02/2020;0;0;0;0;0
BRAZIL;27/02/2020;0;0;0;0;0
BRAZIL;28/02/2020;0;0;0;0;0
BRAZIL;29/02/2020;1;0;0;0;0
BRAZIL;01/03/2020;0;0;0;0;0
BRAZIL;02/03/2020;0;0;0;0;0
BRAZIL;03/03/2020;0;0;0;0;0
BRAZIL;04/03/2020;1;0;0;0;0
BRAZIL;05/03/2020;4;0;0;0;0
BRAZIL;06/03/2020;6;0;0;0;0
BRAZIL;07/03/2020;6;0;0;0;0
BRAZIL;08/03/2020;6;0;0;0;0
BRAZIL;09/03/2020;0;0;0;0;0
BRAZIL;10/03/2020;9;0;0;0;0
BRAZIL;11/03/2020;18;0;0;0;0
BRAZIL;12/03/2020;25;0;0;0;0
BRAZIL;13/03/2020;21;0;0;0;0
BRAZIL;14/03/2020;23;0;0;0;0
BRAZIL;15/03/2020;79;0;0;0;0
BRAZIL;16/03/2020;34;0;0;0;0
BRAZIL;17/03/2020;57;1;0;0;0
BRAZIL;18/03/2020;137;3;0;0;0
BRAZIL;19/03/2020;193;2;0;0;0
BRAZIL;20/03/2020;283;5;0;0;0
BRAZIL;21/03/2020;224;7;0;0;0
BRAZIL;22/03/2020;418;7;0;0;0
BRAZIL;23/03/2020;345;9;0;0;0
BRAZIL;24/03/2020;310;12;0;0;0
BRAZIL;25/03/2020;232;11;0;0;0
BRAZIL;26/03/2020;482;20;0;0;0
BRAZIL;27/03/2020;502;15;0;0;0
BRAZIL;28/03/2020;486;22;0;0;0
BRAZIL;29/03/2020;353;22;0;0;0
BRAZIL;30/03/2020;323;23;0;0;0
BRAZIL;31/03/2020;1138;42;0;0;0
BRAZIL;01/04/2020;1117;40;0;0;0
BRAZIL;02/04/2020;1076;58;0;0;0
BRAZIL;03/04/2020;1146;60;0;0;0
BRAZIL;04/04/2020;1222;73;0;0;0
BRAZIL;05/04/2020;852;54;0;0;0
BRAZIL;06/04/2020;926;67;0;0;0
BRAZIL;07/04/2020;1661;114;0;0;0
BRAZIL;08/04/2020;2210;133;0;0;0
BRAZIL;09/04/2020;1930;141;0;0;0
BRAZIL;10/04/2020;1781;115;0;0;0
BRAZIL;11/04/2020;1089;68;0;0;0
BRAZIL;12/04/2020;1442;99;0;0;0
BRAZIL;13/04/2020;1261;105;0;0;0
BRAZIL;14/04/2020;1832;204;0;0;0
BRAZIL;15/04/2020;3058;204;0;0;0
BRAZIL;16/04/2020;2105;188;0;0;0
BRAZIL;17/04/2020;3257;217;0;0;0
BRAZIL;18/04/2020;2917;206;0;0;0
BRAZIL;19/04/2020;2055;115;0;0;0
BRAZIL;20/04/2020;1927;113;0;0;0
BRAZIL;21/04/2020;2498;166;0;0;0
BRAZIL;22/04/2020;2678;165;0;0;0
BRAZIL;23/04/2020;3735;407;0;0;0
BRAZIL;24/04/2020;3503;357;0;0;0
BRAZIL;25/04/2020;5514;346;0;0;0
BRAZIL;26/04/2020;3379;189;0;0;0
BRAZIL;27/04/2020;4613;338;0;0;0
BRAZIL;28/04/2020;5385;474;0;0;0
BRAZIL;29/04/2020;6276;449;0;0;0
BRAZIL;30/04/2020;7218;435;0;0;0
BRAZIL;01/05/2020;5919;428;0;0;0
BRAZIL;02/05/2020;5097;395;0;0;0
BRAZIL;03/05/2020;4751;301;0;0;0
BRAZIL;04/05/2020;6633;296;0;0;0
BRAZIL;05/05/2020;6935;600;0;0;0
BRAZIL;06/05/2020;10503;614;0;0;0
BRAZIL;07/05/2020;9888;611;0;0;0
BRAZIL;08/05/2020;10222;749;0;0;0
BRAZIL;09/05/2020;10611;732;0;0;0
BRAZIL;10/05/2020;6760;496;0;0;0
BRAZIL;11/05/2020;5632;396;0;0;0
BRAZIL;12/05/2020;9258;881;0;0;0
BRAZIL;13/05/2020;11385;749;0;0;0
BRAZIL;14/05/2020;13944;844;0;0;0
BRAZIL;15/05/2020;15305;824;0;0;0
BRAZIL;16/05/2020;14919;816;0;0;0
BRAZIL;17/05/2020;7938;485;0;0;0
BRAZIL;18/05/2020;13140;674;0;0;0
BRAZIL;19/05/2020;17408;1179;0;0;0
BRAZIL;20/05/2020;19951;888;0;0;0
BRAZIL;21/05/2020;18508;1188;0;0;0
BRAZIL;22/05/2020;20803;999;0;0;0
BRAZIL;23/05/2020;16508;967;0;0;0
BRAZIL;24/05/2020;15813;653;0;0;0
BRAZIL;25/05/2020;11687;807;0;0;0
BRAZIL;26/05/2020;16324;1039;0;0;0
BRAZIL;27/05/2020;20599;1086;0;0;0
CHILE;08/04/2020;1;0;0;0;0
CHILE;09/04/2020;2;0;0;0;0
CHILE;10/04/2020;1;0;0;0;0
CHILE;06/03/2020;1;0;0;0;0
CHILE;07/03/2020;2;0;0;0;0
CHILE;08/03/2020;3;0;0;0;0
CHILE;09/03/2020;3;0;0;0;0
CHILE;10/03/2020;4;0;0;0;0
CHILE;11/03/2020;5;0;0;0;0
CHILE;12/03/2020;10;0;0;0;0
CHILE;13/03/2020;11;0;0;0;0
CHILE;14/03/2020;18;0;0;0;0
CHILE;15/03/2020;14;0;0;0;0
CHILE;16/03/2020;80;0;0;0;0
CHILE;17/03/2020;46;0;1;0;0
CHILE;18/03/2020;65;0;2;0;0
CHILE;19/03/2020;76;0;2;0;0
CHILE;20/03/2020;92;0;1;0;0
CHILE;21/03/2020;103;1;2;0;0
CHILE;22/03/2020;95;0;0;0;0
CHILE;23/03/2020;290;1;1;0;0
CHILE;24/03/2020;90;0;1;0;0
CHILE;25/03/2020;294;1;1;0;0
CHILE;26/03/2020;304;0;6;0;0
CHILE;27/03/2020;299;0;1;0;0
CHILE;28/03/2020;230;0;8;0;0
CHILE;29/03/2020;310;0;4;0;0
CHILE;30/03/2020;289;0;67;0;0
CHILE;31/03/2020;291;-1;2;0;0
CHILE;01/04/2020;293;4;1;0;0
CHILE;02/04/2020;373;0;23;0;0
CHILE;03/04/2020;333;18;326;0;237
CHILE;04/04/2020;424;5;101;0;43
CHILE;05/04/2020;310;7;90;0;27
CHILE;06/04/2020;344;3;110;0;20
CHILE;07/04/2020;301;6;170;0;10
CHILE;08/04/2020;430;5;217;0;25
CHILE;09/04/2020;426;9;159;0;2
CHILE;10/04/2020;529;8;297;0;23
CHILE;11/04/2020;426;8;293;788;83
CHILE;12/04/2020;286;7;195;5;1
CHILE;13/04/2020;312;2;308;24;22
CHILE;14/04/2020;356;12;570;22;7
CHILE;15/04/2020;356;0;0;241;0
CHILE;16/04/2020;534;11;362;37;6
CHILE;17/04/2020;445;11;322;22;8
CHILE;18/04/2020;478;10;414;58;31
CHILE;19/04/2020;358;7;303;25;78
CHILE;20/04/2020;419;6;338;9;77
CHILE;21/04/2020;325;8;293;81;96
CHILE;22/04/2020;469;13;417;31;7
CHILE;23/04/2020;516;8;418;18;12
CHILE;24/04/2020;494;6;523;19;4
CHILE;25/04/2020;552;7;419;32;3
CHILE;26/04/2020;473;8;278;24;3
CHILE;27/04/2020;482;9;303;67;11
CHILE;28/04/2020;552;9;383;29;2
CHILE;29/04/2020;770;9;347;14;10
CHILE;30/04/2020;888;11;523;54;1
CHILE;01/05/2020;985;7;438;54;6
CHILE;02/05/2020;1427;13;554;97;24
CHILE;03/05/2020;1228;13;442;128;15
CHILE;04/05/2020;980;10;401;69;6
CHILE;05/05/2020;1373;5;295;117;16
CHILE;06/05/2020;1032;6;479;114;7
CHILE;07/05/2020;1275;4;475;124;15
CHILE;08/05/2020;1518;9;496;106;36
CHILE;09/05/2020;1247;10;507;103;21
CHILE;10/05/2020;1641;8;445;84;9
CHILE;11/05/2020;1197;11;493;147;30
CHILE;12/05/2020;1658;12;520;225;38
CHILE;13/05/2020;2660;11;740;187;21
CHILE;14/05/2020;2301;22;790;164;0
CHILE;15/05/2020;2502;26;959;164;48
CHILE;16/05/2020;1886;27;1400;185;40
CHILE;17/05/2020;2353;29;1199;282;18
CHILE;18/05/2020;2278;28;952;263;38
CHILE;19/05/2020;3520;31;1342;185;69
CHILE;20/05/2020;4038;35;997;239;28
CHILE;21/05/2020;3964;45;1488;160;39
CHILE;22/05/2020;4276;41;1277;267;43
CHILE;23/05/2020;3536;43;1277;235;76
CHILE;24/05/2020;3712;45;1602;143;28
CHILE;25/05/2020;4895;43;1154;321;45
CHILE;26/05/2020;3964;45;1613;323;67
CHILE;27/05/2020;4328;35;2625;184;49
CHILE;28/05/2020;4656;49;2610;124;38
CHILE;29/05/2020;3695;54;2448;206;61
CHILE;30/05/2020;4220;53;1833;259;33
CHILE;31/05/2020;4830;57;2296;238;63
CHILE;01/06/2020;5471;59;2219;75;5
CHILE;02/06/2020;3527;75;0;176;24
CHILE;03/06/2020;4942;87;0;183;21
CHILE;04/06/2020;4664;81;0;72;25
CHILE;05/06/2020;4207;92;0;41;3
CHILE;06/06/2020;5246;93;0;119;34
CHILE;07/06/2020;6405;649;0;40;23
CHILE;08/06/2020;4696;74;0;147;4
CHILE;09/06/2020;3913;19;0;268;13
CHILE;10/06/2020;5737;192;0;170;28
CHILE;11/06/2020;5596;173;0;169;29
CHILE;12/06/2020;6794;222;0;101;9
CHILE;13/06/2020;6509;231;0;183;59
CHILE;14/06/2020;6938;222;0;92;8
CHILE;15/06/2020;5143;39;0;104;4
CHILE;16/06/2020;5013;21;0;145;67
CHILE;17/06/2020;4757;232;0;108;51
CHILE;18/06/2020;4475;226;0;29;66
CHILE;19/06/2020;6290;252;0;110;40
CHILE;20/06/2020;5355;202;0;78;45
CHILE;21/06/2020;5607;184;0;87;18
CHILE;22/06/2020;4608;23;0;38;5
CHILE;23/06/2020;3804;3;0;151;37
CHILE;24/06/2020;3649;226;0;12;32
CHILE;25/06/2020;4648;172;0;48;8
CHILE;26/06/2020;4296;165;0;20;4
CHILE;27/06/2020;4406;279;0;137;39
CHILE;28/06/2020;4216;162;0;7;39
CHILE;29/06/2020;4017;66;0;136;16
CHILE;30/06/2020;3394;113;0;51;31
COLOMBIA;02/03/2020;1;0;1;0;0
COLOMBIA;03/03/2020;0;0;0;0;0
COLOMBIA;04/03/2020;0;0;0;0;0
COLOMBIA;05/03/2020;0;0;0;0;0
COLOMBIA;06/03/2020;1;0;1;0;0
COLOMBIA;07/03/2020;1;0;1;0;0
COLOMBIA;08/03/2020;2;0;2;0;0
COLOMBIA;09/03/2020;3;0;3;0;0
COLOMBIA;10/03/2020;4;0;4;0;0
COLOMBIA;11/03/2020;8;0;8;0;0
COLOMBIA;12/03/2020;11;0;11;0;0
COLOMBIA;13/03/2020;13;1;12;0;0
COLOMBIA;14/03/2020;20;0;20;0;0
COLOMBIA;15/03/2020;19;0;19;0;0
COLOMBIA;16/03/2020;29;0;29;0;0
COLOMBIA;17/03/2020;42;1;41;0;0
COLOMBIA;18/03/2020;44;2;42;0;0
COLOMBIA;19/03/2020;69;0;69;0;0
COLOMBIA;20/03/2020;78;5;73;0;0
COLOMBIA;21/03/2020;80;5;73;2;0
COLOMBIA;22/03/2020;82;4;78;0;0
COLOMBIA;23/03/2020;94;6;87;1;0
COLOMBIA;24/03/2020;141;7;131;1;2
COLOMBIA;25/03/2020;163;10;151;1;1
COLOMBIA;26/03/2020;159;11;147;0;0
COLOMBIA;27/03/2020;160;15;143;1;1
COLOMBIA;28/03/2020;166;12;153;1;0
COLOMBIA;29/03/2020;138;11;126;4;0
COLOMBIA;30/03/2020;194;14;180;0;0
COLOMBIA;31/03/2020;190;17;169;1;0
COLOMBIA;01/04/2020;195;9;186;0;0
COLOMBIA;02/04/2020;166;12;153;2;0
COLOMBIA;03/04/2020;187;25;160;2;0
COLOMBIA;04/04/2020;160;16;142;3;0
COLOMBIA;05/04/2020;101;8;90;1;0
COLOMBIA;06/04/2020;150;5;143;2;1
COLOMBIA;07/04/2020;157;14;143;0;0
COLOMBIA;08/04/2020;126;9;116;0;0
COLOMBIA;09/04/2020;141;7;132;1;0
COLOMBIA;10/04/2020;121;8;111;5;0
COLOMBIA;11/04/2020;248;9;233;1;0
COLOMBIA;12/04/2020;157;8;148;3;0
COLOMBIA;13/04/2020;186;10;171;11;0
COLOMBIA;14/04/2020;238;13;212;4;2
COLOMBIA;15/04/2020;169;12;153;6;0
COLOMBIA;16/04/2020;257;12;237;5;2
COLOMBIA;17/04/2020;179;10;163;6;1
COLOMBIA;18/04/2020;206;13;184;8;1
COLOMBIA;19/04/2020;221;9;203;5;0
COLOMBIA;20/04/2020;217;8;201;3;1
COLOMBIA;21/04/2020;221;10;208;11;0
COLOMBIA;22/04/2020;248;8;227;8;2
COLOMBIA;23/04/2020;302;16;275;11;2
COLOMBIA;24/04/2020;306;13;279;5;2
COLOMBIA;25/04/2020;306;12;287;10;1
COLOMBIA;26/04/2020;252;20;219;15;3
COLOMBIA;27/04/2020;408;19;371;9;0
COLOMBIA;28/04/2020;516;18;488;11;0
COLOMBIA;29/04/2020;377;16;348;8;2
COLOMBIA;30/04/2020;473;29;429;7;2
COLOMBIA;01/05/2020;464;26;430;15;0
COLOMBIA;02/05/2020;464;25;421;8;2
COLOMBIA;03/05/2020;394;16;365;8;3
COLOMBIA;04/05/2020;510;30;469;6;3
COLOMBIA;05/05/2020;788;29;748;7;4
COLOMBIA;06/05/2020;744;24;706;6;4
COLOMBIA;07/05/2020;770;21;732;1;7
COLOMBIA;08/05/2020;979;36;933;2;5
COLOMBIA;09/05/2020;742;17;717;3;3
COLOMBIA;10/05/2020;470;21;441;2;3
COLOMBIA;11/05/2020;729;32;690;2;5
COLOMBIA;12/05/2020;821;25;785;3;6
COLOMBIA;13/05/2020;847;33;801;1;4
COLOMBIA;14/05/2020;1059;29;1020;1;6
COLOMBIA;15/05/2020;974;36;923;0;6
COLOMBIA;16/05/2020;904;36;861;0;5
COLOMBIA;17/05/2020;840;33;800;3;7
COLOMBIA;18/05/2020;1199;48;1139;3;7
COLOMBIA;19/05/2020;1161;43;1108;3;6
COLOMBIA;20/05/2020;1391;54;1326;2;4
COLOMBIA;21/05/2020;1358;39;1289;1;13
COLOMBIA;22/05/2020;1409;52;1343;0;9
COLOMBIA;23/05/2020;1418;47;1357;1;8
COLOMBIA;24/05/2020;902;33;854;10;11
COLOMBIA;25/05/2020;1157;42;1079;11;19
COLOMBIA;26/05/2020;1511;55;1424;9;16
COLOMBIA;27/05/2020;1368;63;1278;29;13
COLOMBIA;28/05/2020;1406;54;1306;37;10
COLOMBIA;29/05/2020;1407;64;1277;42;18
COLOMBIA;30/05/2020;1298;39;1195;42;12
COLOMBIA;31/05/2020;1037;49;920;82;16
COLOMBIA;01/06/2020;1737;78;1541;100;21
COLOMBIA;02/06/2020;1642;69;1423;99;14
COLOMBIA;03/06/2020;1881;82;1663;132;13
COLOMBIA;04/06/2020;1773;74;1518;130;14
COLOMBIA;05/06/2020;2004;85;1649;113;27
COLOMBIA;06/06/2020;1790;76;1484;104;11
COLOMBIA;07/06/2020;1463;66;1200;160;8
COLOMBIA;08/06/2020;2520;105;2075;145;16
COLOMBIA;09/06/2020;2399;112;1996;207;18
COLOMBIA;10/06/2020;2744;107;2178;165;22
COLOMBIA;11/06/2020;2859;121;2325;157;14
COLOMBIA;12/06/2020;2803;103;2220;132;17
COLOMBIA;13/06/2020;2339;128;1744;141;11
COLOMBIA;14/06/2020;1564;89;1066;137;8
COLOMBIA;15/06/2020;1784;109;1014;215;12
COLOMBIA;16/06/2020;3555;157;1766;174;24
COLOMBIA;17/06/2020;3747;128;1569;214;23
COLOMBIA;18/06/2020;3754;143;1227;222;22
COLOMBIA;19/06/2020;3775;153;1014;207;17
COLOMBIA;20/06/2020;3172;95;733;182;15
COLOMBIA;21/06/2020;2407;121;418;200;12
COLOMBIA;22/06/2020;2570;116;402;266;12
COLOMBIA;23/06/2020;4661;145;574;268;19
COLOMBIA;24/06/2020;4664;169;502;263;21
COLOMBIA;25/06/2020;4649;145;404;261;23
COLOMBIA;26/06/2020;4789;159;404;236;27
COLOMBIA;27/06/2020;3853;111;209;221;14
COLOMBIA;28/06/2020;2764;104;50;245;21
COLOMBIA;29/06/2020;3072;103;71;335;15
COLOMBIA;30/06/2020;4985;134;98;346;39
COLOMBIA;01/07/2020;5117;132;84;272;23
COLOMBIA;02/07/2020;4628;122;19;278;16
COLOMBIA;03/07/2020;4534;95;27;245;33
COLOMBIA;04/07/2020;3193;71;17;180;16
COLOMBIA;05/07/2020;2263;78;9;273;20
COLOMBIA;06/07/2020;4064;87;42;236;23
COLOMBIA;07/07/2020;3338;73;28;207;30
COLOMBIA;08/07/2020;2826;43;17;210;11
COLOMBIA;09/07/2020;2525;29;6;134;19
COLOMBIA;10/07/2020;2297;19;18;87;14
COLOMBIA;11/07/2020;1403;15;2;28;12
COLOMBIA;12/07/2020;723;7;6;27;7
COLOMBIA;13/07/2020;614;6;1;0;6
COLOMBIA;14/07/2020;360;0;0;0;6
COLOMBIA;15/07/2020;141;0;0;0;0
ECUADOR;29/02/2020;1;0;0;0;
ECUADOR;01/03/2020;5;0;0;0;
ECUADOR;02/03/2020;1;0;0;0;
ECUADOR;03/03/2020;0;0;0;0;
ECUADOR;04/03/2020;3;0;0;0;
ECUADOR;05/03/2020;3;0;0;0;
ECUADOR;06/03/2020;1;0;0;0;
ECUADOR;07/03/2020;0;0;0;0;
ECUADOR;08/03/2020;1;0;0;0;
ECUADOR;09/03/2020;0;0;0;0;
ECUADOR;10/03/2020;2;0;0;0;
ECUADOR;11/03/2020;0;0;0;0;
ECUADOR;12/03/2020;2;0;0;0;
ECUADOR;13/03/2020;4;1;0;0;
ECUADOR;14/03/2020;5;1;0;0;
ECUADOR;15/03/2020;9;0;0;0;
ECUADOR;16/03/2020;21;0;0;0;
ECUADOR;17/03/2020;53;0;0;0;
ECUADOR;18/03/2020;57;1;0;0;
ECUADOR;19/03/2020;92;1;3;0;
ECUADOR;20/03/2020;166;3;0;0;
ECUADOR;21/03/2020;106;0;0;0;
ECUADOR;22/03/2020;257;7;0;0;
ECUADOR;23/03/2020;192;4;0;0;
ECUADOR;24/03/2020;101;9;0;0;
ECUADOR;25/03/2020;129;2;0;0;
ECUADOR;26/03/2020;192;5;0;0;
ECUADOR;27/03/2020;224;7;0;0;
ECUADOR;28/03/2020;208;7;0;0;
ECUADOR;29/02/2020;1;0;;0;0
ECUADOR;01/03/2020;5;0;;0;0
ECUADOR;02/03/2020;1;0;;0;0
ECUADOR;03/03/2020;0;0;;0;0
ECUADOR;04/03/2020;3;0;;0;0
ECUADOR;05/03/2020;3;0;;0;0
ECUADOR;06/03/2020;1;0;;0;0
ECUADOR;07/03/2020;0;0;;0;0
ECUADOR;08/03/2020;1;0;;0;0
ECUADOR;09/03/2020;0;0;;0;0
ECUADOR;10/03/2020;2;0;;0;0
ECUADOR;11/03/2020;0;0;;0;0
ECUADOR;12/03/2020;2;0;;0;0
ECUADOR;13/03/2020;4;1;;0;0
ECUADOR;14/03/2020;5;1;;0;0
ECUADOR;15/03/2020;9;0;;0;0
ECUADOR;16/03/2020;21;0;;0;0
ECUADOR;17/03/2020;53;0;;0;0
ECUADOR;18/03/2020;57;1;;0;0
ECUADOR;19/03/2020;92;1;;0;0
ECUADOR;20/03/2020;166;3;;0;0
ECUADOR;21/03/2020;106;0;;0;0
ECUADOR;22/03/2020;257;7;;0;0
ECUADOR;23/03/2020;192;4;;0;0
ECUADOR;24/03/2020;101;9;;0;0
ECUADOR;25/03/2020;129;2;;0;0
ECUADOR;26/03/2020;192;5;;0;0
ECUADOR;27/03/2020;224;7;;0;0
ECUADOR;28/03/2020;208;7;;0;0
ECUADOR;29/03/2020;89;10;;0;0
ECUADOR;30/03/2020;42;4;;0;0
ECUADOR;31/03/2020;336;17;;0;0
ECUADOR;01/04/2020;456;19;;0;0
ECUADOR;02/04/2020;405;22;;0;0
ECUADOR;03/04/2020;205;25;;0;0
ECUADOR;04/04/2020;97;27;;0;0
ECUADOR;05/04/2020;181;8;;0;0
ECUADOR;06/04/2020;101;11;;0;0
ECUADOR;07/04/2020;248;29;;0;0
ECUADOR;08/04/2020;455;22;;0;0
ECUADOR;09/04/2020;515;30;;0;0
ECUADOR;10/04/2020;2196;25;;0;0
ECUADOR;11/04/2020;96;18;;0;0
ECUADOR;12/04/2020;209;18;;0;0
ECUADOR;13/04/2020;63;22;;0;0
ECUADOR;14/04/2020;74;14;;0;0
ECUADOR;15/04/2020;255;19;;0;0
ECUADOR;16/04/2020;367;15;;0;0
ECUADOR;17/04/2020;225;18;;0;0
ECUADOR;18/04/2020;572;35;;0;0
ECUADOR;19/04/2020;446;18;;0;0
ECUADOR;20/04/2020;660;33;;0;0
ECUADOR;21/04/2020;270;13;;0;0
ECUADOR;22/04/2020;452;17;;0;0
ECUADOR;23/04/2020;333;23;;0;0
ECUADOR;24/04/2020;0;16;;0;0
ECUADOR;25/04/2020;0;0;;0;0
ECUADOR;26/04/2020;0;0;;0;0
ECUADOR;27/04/2020;0;0;;0;0
ECUADOR;28/04/2020;0;0;;0;0
ECUADOR;29/04/2020;417;12;;0;0
ECUADOR;30/04/2020;259;17;;0;0
ECUADOR;01/05/2020;1402;163;;0;0
ECUADOR;02/05/2020;1128;308;;0;0
ECUADOR;03/05/2020;2074;193;;0;0
ECUADOR;04/05/2020;2343;5;;0;0
ECUADOR;05/05/2020;0;0;;0;0
ECUADOR;06/05/2020;2461;49;;0;0
ECUADOR;07/05/2020;878;36;;0;0
ECUADOR;08/05/2020;1480;50;;0;0
ECUADOR;09/05/2020;253;13;;0;0
ECUADOR;10/05/2020;488;410;;0;0
ECUADOR;11/05/2020;50;18;;0;0
ECUADOR;12/05/2020;910;182;;0;0
ECUADOR;13/05/2020;67;7;;0;0
ECUADOR;14/05/2020;16;4;;0;0
ECUADOR;15/05/2020;965;256;;0;0
ECUADOR;16/05/2020;1256;94;;0;0
ECUADOR;17/05/2020;459;48;;0;0
ECUADOR;18/05/2020;400;63;;0;0
ECUADOR;19/05/2020;569;40;;0;0
ECUADOR;20/05/2020;703;49;;0;0
ECUADOR;21/05/2020;452;51;;0;0
ECUADOR;22/05/2020;522;117;;0;0
ECUADOR;23/05/2020;430;40;;0;0
ECUADOR;24/05/2020;498;12;;0;0
ECUADOR;25/05/2020;599;95;;0;0
ECUADOR;26/05/2020;301;18;;0;0
ECUADOR;27/05/2020;447;54;;0;0
ECUADOR;28/05/2020;368;38;;0;0
ECUADOR;29/05/2020;100;21;;0;0
ECUADOR;30/05/2020;272;12;;0;0
ECUADOR;31/05/2020;255;12;;0;0
ECUADOR;01/06/2020;896;36;;0;0
ECUADOR;02/06/2020;420;44;;0;0
ECUADOR;03/06/2020;552;48;;0;0
ECUADOR;04/06/2020;609;48;;0;0
ECUADOR;05/06/2020;531;58;;0;0
ECUADOR;06/06/2020;622;16;;0;0
ECUADOR;07/06/2020;392;13;;0;0
ECUADOR;08/06/2020;258;21;;0;0
ECUADOR;09/06/2020;539;48;;0;0
ECUADOR;10/06/2020;523;30;;0;0
ECUADOR;11/06/2020;642;48;;0;0
ECUADOR;12/06/2020;696;60;;0;0
ECUADOR;13/06/2020;578;46;;0;0
ECUADOR;14/06/2020;395;22;;0;0
ECUADOR;15/06/2020;571;33;;0;0
ECUADOR;16/06/2020;621;41;;0;0
ECUADOR;17/06/2020;547;37;;0;0
ECUADOR;18/06/2020;607;80;;0;0
ECUADOR;19/06/2020;634;69;;0;0
ECUADOR;20/06/2020;452;43;;0;0
ECUADOR;21/06/2020;457;24;;0;0
ECUADOR;22/06/2020;275;23;;0;0
ECUADOR;23/06/2020;728;28;;0;0
ECUADOR;24/06/2020;691;35;;0;0
ECUADOR;25/06/2020;822;34;;0;0
ECUADOR;26/06/2020;700;63;;0;0
ECUADOR;27/06/2020;718;18;;0;0
ECUADOR;28/06/2020;681;5;;0;0
ECUADOR;29/06/2020;410;73;;0;0
ECUADOR;30/06/2020;677;25;;0;0
EL SALVADOR;18/04/2020;11;0;1;0;0
EL SALVADOR;19/04/2020;17;0;2;0;0
EL SALVADOR;20/04/2020;7;0;2;0;0
EL SALVADOR;21/04/2020;12;0;15;0;0
EL SALVADOR;22/04/2020;13;1;4;0;0
EL SALVADOR;23/04/2020;11;0;5;0;0
EL SALVADOR;24/04/2020;13;0;3;0;0
EL SALVADOR;25/04/2020;24;0;8;0;0
EL SALVADOR;26/04/2020;25;0;6;0;0
EL SALVADOR;27/04/2020;22;0;8;0;0
EL SALVADOR;28/04/2020;32;1;9;0;0
EL SALVADOR;29/04/2020;18;0;12;0;0
EL SALVADOR;30/04/2020;29;1;6;0;0
EL SALVADOR;01/05/2020;22;0;14;0;0
EL SALVADOR;02/05/2020;44;1;16;0;0
EL SALVADOR;03/05/2020;65;1;26;0;0
EL SALVADOR;04/05/2020;32;1;21;0;0
EL SALVADOR;05/05/2020;46;1;18;0;0
EL SALVADOR;06/05/2020;62;1;26;0;0
EL SALVADOR;07/05/2020;47;0;12;0;0
EL SALVADOR;08/05/2020;42;1;19;0;0
EL SALVADOR;09/05/2020;105;1;17;0;0
EL SALVADOR;10/05/2020;69;0;32;0;0
EL SALVADOR;11/05/2020;40;1;24;0;0
EL SALVADOR;12/05/2020;39;2;25;0;0
EL SALVADOR;13/05/2020;75;0;31;0;0
EL SALVADOR;14/05/2020;98;3;11;0;0
EL SALVADOR;15/05/2020;55;2;25;0;0
EL SALVADOR;16/05/2020;73;2;21;0;0
EL SALVADOR;17/05/2020;75;3;12;0;0
EL SALVADOR;18/05/2020;85;0;28;0;0
EL SALVADOR;19/05/2020;73;1;29;0;0
EL SALVADOR;20/05/2020;69;1;9;0;0
EL SALVADOR;21/05/2020;85;1;22;0;0
EL SALVADOR;22/05/2020;94;0;8;0;0
EL SALVADOR;23/05/2020;96;2;24;0;0
EL SALVADOR;24/05/2020;68;0;104;0;0
EL SALVADOR;25/05/2020;59;1;89;0;0
EL SALVADOR;26/05/2020;67;1;86;0;0
EL SALVADOR;27/05/2020;85;2;129;0;0
EL SALVADOR;28/05/2020;84;3;13;0;0
EL SALVADOR;29/05/2020;117;2;11;0;0
EL SALVADOR;30/05/2020;122;2;14;0;0
EL SALVADOR;31/05/2020;65;0;23;0;0
EL SALVADOR;01/06/2020;71;0;53;0;0
EL SALVADOR;02/06/2020;52;3;63;0;0
EL SALVADOR;03/06/2020;76;2;29;0;0
EL SALVADOR;04/06/2020;68;2;41;0;0
EL SALVADOR;05/06/2020;85;0;32;0;0
EL SALVADOR;06/06/2020;81;0;24;0;0
EL SALVADOR;07/06/2020;89;2;56;0;0
EL SALVADOR;08/06/2020;87;3;52;0;0
EL SALVADOR;09/06/2020;83;2;25;0;0
EL SALVADOR;10/06/2020;99;4;59;0;0
EL SALVADOR;11/06/2020;108;4;90;0;0
EL SALVADOR;12/06/2020;122;4;151;0;0
EL SALVADOR;13/06/2020;117;0;99;0;0
EL SALVADOR;14/06/2020;106;2;75;0;0
EL SALVADOR;15/06/2020;115;2;129;0;0
EL SALVADOR;16/06/2020;125;2;96;0;0
EL SALVADOR;17/06/2020;134;4;98;0;0
EL SALVADOR;18/06/2020;129;4;75;0;0
EL SALVADOR;19/06/2020;146;7;139;0;0
EL SALVADOR;20/06/2020;151;5;86;0;0
EL SALVADOR;21/06/2020;182;9;120;0;0
EL SALVADOR;22/06/2020;165;6;159;0;0
EL SALVADOR;23/06/2020;177;6;110;0;0
EL SALVADOR;24/06/2020;186;7;192;0;0
EL SALVADOR;25/06/2020;181;7;175;0;0
EL SALVADOR;26/06/2020;210;10;156;0;0
EL SALVADOR;27/06/2020;207;9;110;0;0
EL SALVADOR;28/06/2020;239;12;91;0;0
EL SALVADOR;29/06/2020;265;10;122;0;0
EL SALVADOR;30/06/2020;298;8;194;0;0
EL SALVADOR;18/03/2020;1;0;0;0;
EL SALVADOR;19/03/2020;0;0;0;0;
EL SALVADOR;20/03/2020;2;0;0;0;
EL SALVADOR;21/03/2020;0;0;0;0;
EL SALVADOR;22/03/2020;0;0;0;0;
EL SALVADOR;23/03/2020;2;0;0;0;
EL SALVADOR;24/03/2020;4;0;0;0;
EL SALVADOR;25/03/2020;4;0;0;0;
EL SALVADOR;26/03/2020;0;0;0;0;
EL SALVADOR;27/03/2020;6;0;0;0;
EL SALVADOR;28/03/2020;5;0;0;0;
EL SALVADOR;29/03/2020;6;0;0;0;
EL SALVADOR;30/03/2020;2;0;0;0;
EL SALVADOR;31/03/2020;0;1;0;0;
EL SALVADOR;01/04/2020;9;1;0;0;
EL SALVADOR;02/04/2020;5;0;0;0;
EL SALVADOR;03/04/2020;10;1;0;0;
EL SALVADOR;04/04/2020;6;0;0;0;
EL SALVADOR;05/04/2020;7;0;0;0;
EL SALVADOR;06/04/2020;9;1;3;0;
EL SALVADOR;07/04/2020;15;1;0;0;
EL SALVADOR;08/04/2020;10;0;5;0;
EL SALVADOR;09/04/2020;14;1;5;0;
EL SALVADOR;10/04/2020;1;0;4;0;
EL SALVADOR;11/04/2020;7;0;0;0;
EL SALVADOR;12/04/2020;12;0;2;0;
EL SALVADOR;13/04/2020;12;0;4;0;
EL SALVADOR;14/04/2020;10;0;5;0;
EL SALVADOR;15/04/2020;5;0;3;0;
EL SALVADOR;16/04/2020;13;1;5;0;
EL SALVADOR;17/04/2020;13;0;5;0;
GUATEMALA;13/03/2020;1;0;0;0;
GUATEMALA;14/03/2020;1;0;0;0;
GUATEMALA;15/03/2020;1;1;0;0;
GUATEMALA;16/03/2020;3;0;0;0;
GUATEMALA;17/03/2020;3;0;0;0;
GUATEMALA;18/03/2020;2;0;0;0;
GUATEMALA;19/03/2020;1;0;0;0;
GUATEMALA;20/03/2020;4;0;0;0;
GUATEMALA;21/03/2020;4;0;0;0;
GUATEMALA;22/03/2020;2;0;0;0;
GUATEMALA;23/03/2020;2;0;0;0;
GUATEMALA;24/03/2020;0;0;0;0;
GUATEMALA;25/03/2020;3;0;4;0;
GUATEMALA;26/03/2020;1;0;1;0;
GUATEMALA;27/03/2020;3;0;0;0;
GUATEMALA;28/03/2020;6;0;5;0;
GUATEMALA;29/03/2020;2;0;0;0;
GUATEMALA;30/03/2020;0;0;0;0;
GUATEMALA;31/03/2020;3;0;2;0;
GUATEMALA;01/04/2020;7;0;0;0;
GUATEMALA;02/04/2020;1;0;0;0;
GUATEMALA;03/04/2020;3;0;0;0;
GUATEMALA;04/04/2020;11;1;3;0;
GUATEMALA;05/04/2020;9;1;0;0;
GUATEMALA;06/04/2020;4;0;2;0;
GUATEMALA;07/04/2020;3;0;0;0;
GUATEMALA;08/04/2020;7;0;0;0;
GUATEMALA;09/04/2020;39;0;0;0;
GUATEMALA;10/04/2020;11;0;2;0;
GUATEMALA;11/04/2020;16;0;0;0;
GUATEMALA;12/04/2020;3;2;0;0;
GUATEMALA;13/04/2020;11;0;0;0;0
GUATEMALA;14/04/2020;13;0;0;0;0
GUATEMALA;15/04/2020;16;0;0;0;0
GUATEMALA;16/04/2020;18;2;2;0;0
GUATEMALA;17/04/2020;21;0;0;0;0
GUATEMALA;18/04/2020;22;0;0;0;0
GUATEMALA;19/04/2020;32;0;1;0;0
GUATEMALA;20/04/2020;5;0;2;0;0
GUATEMALA;21/04/2020;22;1;0;0;0
GUATEMALA;22/04/2020;26;2;1;0;0
GUATEMALA;23/04/2020;42;1;5;0;0
GUATEMALA;24/04/2020;46;0;0;0;0
GUATEMALA;25/04/2020;43;2;15;0;0
GUATEMALA;26/04/2020;27;2;4;0;0
GUATEMALA;27/04/2020;30;0;0;0;0
GUATEMALA;28/04/2020;27;1;13;0;0
GUATEMALA;29/04/2020;28;0;3;0;0
GUATEMALA;30/04/2020;14;0;1;0;0
GUATEMALA;01/05/2020;45;0;6;0;0
GUATEMALA;02/05/2020;44;1;0;0;0
GUATEMALA;03/05/2020;15;0;0;0;0
GUATEMALA;04/05/2020;27;2;7;0;0
GUATEMALA;05/05/2020;33;0;0;0;0
GUATEMALA;06/05/2020;35;2;7;0;0
GUATEMALA;07/05/2020;34;2;4;0;0
GUATEMALA;08/05/2020;68;1;11;0;0
GUATEMALA;09/05/2020;67;0;3;0;0
GUATEMALA;10/05/2020;85;2;6;0;0
GUATEMALA;11/05/2020;62;0;1;0;0
GUATEMALA;12/05/2020;85;1;9;0;0
GUATEMALA;13/05/2020;143;2;1;0;0
GUATEMALA;14/05/2020;176;0;8;0;0
GUATEMALA;15/05/2020;125;1;6;0;0
GUATEMALA;16/05/2020;120;3;3;0;0
GUATEMALA;17/05/2020;149;2;0;0;0
GUATEMALA;18/05/2020;89;3;1;0;0
GUATEMALA;19/05/2020;132;5;16;0;0
GUATEMALA;20/05/2020;132;2;4;0;0
GUATEMALA;21/05/2020;247;3;63;0;0
GUATEMALA;22/05/2020;231;3;0;0;0
GUATEMALA;23/05/2020;311;4;22;0;0
GUATEMALA;24/05/2020;370;3;14;0;0
GUATEMALA;25/05/2020;336;1;16;0;0
GUATEMALA;26/05/2020;194;4;15;0;0
GUATEMALA;27/05/2020;191;5;204;0;0
GUATEMALA;28/05/2020;203;12;72;0;0
GUATEMALA;29/05/2020;259;10;83;0;0
GUATEMALA;30/05/2020;132;12;58;0;0
GUATEMALA;31/05/2020;348;6;29;0;0
GUATEMALA;01/06/2020;249;8;60;0;0
GUATEMALA;02/06/2020;250;7;29;0;0
GUATEMALA;03/06/2020;174;20;105;0;0
GUATEMALA;04/06/2020;394;15;50;0;0
GUATEMALA;05/06/2020;331;58;74;0;0
GUATEMALA;06/06/2020;307;14;60;0;0
GUATEMALA;07/06/2020;263;22;148;0;0
GUATEMALA;08/06/2020;447;15;62;0;0
GUATEMALA;09/06/2020;364;22;90;0;0
GUATEMALA;10/06/2020;355;27;91;0;0
GUATEMALA;11/06/2020;340;18;63;0;0
GUATEMALA;12/06/2020;421;17;135;0;0
GUATEMALA;13/06/2020;509;16;102;0;0
GUATEMALA;14/06/2020;354;17;82;0;0
GUATEMALA;15/06/2020;427;15;80;0;0
GUATEMALA;16/06/2020;434;19;130;0;0
GUATEMALA;17/06/2020;545;14;104;0;0
GUATEMALA;18/06/2020;617;17;90;0;0
GUATEMALA;19/06/2020;641;34;129;0;0
GUATEMALA;20/06/2020;246;31;139;0;0
GUATEMALA;21/06/2020;390;17;153;0;0
GUATEMALA;22/06/2020;624;16;107;0;0
GUATEMALA;23/06/2020;771;35;79;0;0
GUATEMALA;24/06/2020;279;19;33;0;0
GUATEMALA;25/06/2020;800;22;19;0;0
GUATEMALA;26/06/2020;209;49;79;0;0
GUATEMALA;27/06/2020;569;34;95;0;0
GUATEMALA;28/06/2020;533;21;29;0;0
GUATEMALA;29/06/2020;479;19;18;0;0
GUATEMALA;30/06/2020;687;27;24;0;0
MEXICO;28/02/2020;3;0;0;0;
MEXICO;29/02/2020;1;0;0;0;
MEXICO;01/03/2020;1;0;0;0;
MEXICO;02/03/2020;0;0;0;0;
MEXICO;03/03/2020;0;0;0;0;
MEXICO;04/03/2020;0;0;0;0;
MEXICO;05/03/2020;0;0;0;0;
MEXICO;06/03/2020;1;0;0;0;
MEXICO;07/03/2020;1;0;0;0;
MEXICO;08/03/2020;0;0;0;0;
MEXICO;09/03/2020;0;0;0;0;
MEXICO;10/03/2020;1;0;0;0;
MEXICO;11/03/2020;3;0;0;0;
MEXICO;12/03/2020;4;0;0;0;
MEXICO;13/03/2020;11;0;0;0;
MEXICO;14/03/2020;15;0;0;0;
MEXICO;15/03/2020;12;0;0;0;
MEXICO;16/03/2020;29;0;0;0;
MEXICO;17/03/2020;11;0;0;0;
MEXICO;18/03/2020;25;0;0;0;
MEXICO;19/03/2020;46;0;3;0;
MEXICO;20/03/2020;39;2;0;0;
MEXICO;21/03/2020;48;0;0;0;
MEXICO;22/03/2020;65;0;0;0;
MEXICO;23/03/2020;51;2;0;0;
MEXICO;24/03/2020;38;1;0;0;
MEXICO;25/03/2020;70;1;0;0;
MEXICO;26/03/2020;110;2;0;0;
MEXICO;27/03/2020;132;4;0;0;
MEXICO;28/03/2020;131;4;0;0;0
MEXICO;29/03/2020;145;4;0;0;0
MEXICO;30/03/2020;101;8;0;0;0
MEXICO;31/03/2020;121;1;0;0;0
MEXICO;01/04/2020;163;8;0;0;0
MEXICO;02/04/2020;132;13;0;0;0
MEXICO;03/04/2020;178;10;0;0;0
MEXICO;04/04/2020;202;19;0;0;0
MEXICO;05/04/2020;253;15;0;0;0
MEXICO;06/04/2020;296;31;0;0;0
MEXICO;07/04/2020;346;16;0;0;0
MEXICO;08/04/2020;396;33;0;0;0
MEXICO;09/04/2020;260;20;0;0;0
MEXICO;10/04/2020;403;39;0;0;0
MEXICO;11/04/2020;375;40;1;0;0
MEXICO;12/04/2020;442;23;1088;0;0
MEXICO;13/04/2020;353;36;242;0;0
MEXICO;14/04/2020;385;74;161;0;0
MEXICO;15/04/2020;448;43;157;0;0
MEXICO;16/04/2020;450;37;169;0;0
MEXICO;17/04/2020;578;60;176;0;0
MEXICO;18/04/2020;622;104;220;0;0
MEXICO;19/04/2020;764;36;240;0;0
MEXICO;20/04/2020;511;26;0;0;0
MEXICO;21/04/2020;729;145;0;0;0
MEXICO;22/04/2020;1043;113;0;0;0
MEXICO;23/04/2020;1089;99;0;0;0
MEXICO;24/04/2020;1239;152;0;0;0
MEXICO;25/04/2020;970;84;4062;0;0
MEXICO;26/04/2020;835;46;1205;0;0
MEXICO;27/04/2020;852;83;732;0;0
MEXICO;28/04/2020;1223;135;768;0;0
MEXICO;29/04/2020;1047;163;769;0;0
MEXICO;30/04/2020;1425;127;800;0;0
MEXICO;01/05/2020;1515;113;954;0;0
MEXICO;02/05/2020;1349;89;1070;0;0
MEXICO;03/05/2020;1383;93;937;0;0
MEXICO;04/05/2020;1434;117;1554;0;0
MEXICO;05/05/2020;1120;236;872;0;0
MEXICO;06/05/2020;1609;197;971;0;0
MEXICO;07/05/2020;1982;257;1072;0;0
MEXICO;08/05/2020;1906;199;1461;0;0
MEXICO;09/05/2020;1938;193;1510;0;0
MEXICO;10/05/2020;1562;112;1276;0;0
MEXICO;11/05/2020;1305;108;1366;0;0
MEXICO;12/05/2020;1997;353;1115;0;0
MEXICO;13/05/2020;1862;294;1409;0;0
MEXICO;14/05/2020;2409;257;1485;0;0
MEXICO;15/05/2020;2437;290;1976;0;0
MEXICO;16/05/2020;2112;278;1397;0;0
MEXICO;17/05/2020;2075;132;1481;0;0
MEXICO;18/05/2020;2414;155;2059;0;0
MEXICO;19/05/2020;2713;334;1937;0;0
MEXICO;20/05/2020;2248;424;1551;0;0
MEXICO;21/05/2020;2973;420;1781;0;0
MEXICO;22/05/2020;2960;479;2068;0;0
MEXICO;23/05/2020;3329;190;2194;0;0
MEXICO;24/05/2020;2764;215;2505;0;0
MEXICO;25/05/2020;2485;239;2466;0;0
MEXICO;26/05/2020;3455;501;2329;0;0
MEXICO;27/05/2020;3463;463;2164;0;0
MEXICO;28/05/2020;3377;447;2255;0;0
MEXICO;29/05/2020;3227;371;2972;0;0
MEXICO;30/05/2020;2885;364;2261;0;0
MEXICO;31/05/2020;3152;151;2455;0;0
MEXICO;01/06/2020;2771;237;3165;0;0
MEXICO;02/06/2020;3891;470;2817;0;0
MEXICO;03/06/2020;3912;1092;2963;0;0
MEXICO;04/06/2020;4442;816;2177;0;0
MEXICO;05/06/2020;4346;625;3142;0;0
MEXICO;06/06/2020;3593;341;2954;0;0
MEXICO;07/06/2020;3484;188;2875;0;0
MEXICO;08/06/2020;2999;354;3798;0;0
MEXICO;09/06/2020;4199;596;3195;0;0
MEXICO;10/06/2020;4883;708;3321;0;0
MEXICO;11/06/2020;4790;587;3331;0;0
MEXICO;12/06/2020;5222;504;3703;0;0
MEXICO;13/06/2020;3494;424;3208;0;0
MEXICO;14/06/2020;4147;269;3135;0;0
MEXICO;15/06/2020;3427;439;4896;0;0
MEXICO;16/06/2020;4599;730;3172;0;0
MEXICO;17/06/2020;4930;770;3177;0;0
MEXICO;18/06/2020;5662;667;3740;0;0
MEXICO;19/06/2020;5030;647;4237;0;0
MEXICO;20/06/2020;4717;387;4354;0;0
MEXICO;21/06/2020;5343;1044;3593;0;0
MEXICO;22/06/2020;4577;759;4839;0;0
MEXICO;23/06/2020;6288;793;4330;0;0
MEXICO;24/06/2020;5437;947;4870;0;0
MEXICO;25/06/2020;6104;736;;0;0
MEXICO;26/06/2020;5441;719;;0;0
MEXICO;27/06/2020;4410;602;;0;0
MEXICO;28/06/2020;4050;267;;0;0
MEXICO;29/06/2020;3805;473;;0;0
MEXICO;30/06/2020;5432;648;;0;0
PARAGUAY;07/03/2020;1;0;0;0;0
PARAGUAY;08/03/2020;0;0;0;0;0
PARAGUAY;09/03/2020;0;0;0;0;0
PARAGUAY;10/03/2020;4;0;0;0;0
PARAGUAY;11/03/2020;0;0;0;0;0
PARAGUAY;12/03/2020;1;0;0;0;0
PARAGUAY;13/03/2020;1;0;0;0;0
PARAGUAY;14/03/2020;0;0;0;0;0
PARAGUAY;15/03/2020;1;0;0;0;0
PARAGUAY;16/03/2020;1;0;0;0;0
PARAGUAY;17/03/2020;2;0;0;0;0
PARAGUAY;18/03/2020;0;0;0;0;0
PARAGUAY;19/03/2020;2;0;0;0;0
PARAGUAY;20/03/2020;5;1;0;0;0
PARAGUAY;21/03/2020;4;0;0;2;0
PARAGUAY;22/03/2020;0;0;0;0;0
PARAGUAY;23/03/2020;5;1;0;0;0
PARAGUAY;24/03/2020;10;1;0;0;0
PARAGUAY;25/03/2020;4;0;0;2;0
PARAGUAY;26/03/2020;11;0;1;0;0
PARAGUAY;27/03/2020;4;0;0;0;0
PARAGUAY;28/03/2020;3;0;0;0;0
PARAGUAY;29/03/2020;5;0;0;0;0
PARAGUAY;30/03/2020;1;0;0;0;0
PARAGUAY;31/03/2020;4;0;0;0;0
PARAGUAY;01/04/2020;8;0;1;1;0
PARAGUAY;02/04/2020;15;0;1;0;0
PARAGUAY;03/04/2020;4;0;9;0;0
PARAGUAY;04/04/2020;8;0;0;3;2
PARAGUAY;05/04/2020;9;2;0;0;0
PARAGUAY;06/04/2020;2;0;3;0;1
PARAGUAY;07/03/2020;1;0;0;0;0
PARAGUAY;08/03/2020;0;0;0;0;0
PARAGUAY;09/03/2020;0;0;0;0;0
PARAGUAY;10/03/2020;4;0;0;0;0
PARAGUAY;11/03/2020;0;0;0;0;0
PARAGUAY;12/03/2020;1;0;0;0;0
PARAGUAY;13/03/2020;1;0;0;0;0
PARAGUAY;14/03/2020;0;0;0;0;0
PARAGUAY;15/03/2020;1;0;0;0;0
PARAGUAY;16/03/2020;1;0;0;0;0
PARAGUAY;17/03/2020;2;0;0;0;0
PARAGUAY;18/03/2020;0;0;0;0;0
PARAGUAY;19/03/2020;2;0;0;0;0
PARAGUAY;20/03/2020;5;1;0;0;0
PARAGUAY;21/03/2020;4;0;0;2;0
PARAGUAY;22/03/2020;0;0;0;0;0
PARAGUAY;23/03/2020;5;1;0;0;0
PARAGUAY;24/03/2020;10;1;0;0;0
PARAGUAY;25/03/2020;4;0;0;2;0
PARAGUAY;26/03/2020;11;0;1;0;0
PARAGUAY;27/03/2020;4;0;0;0;0
PARAGUAY;28/03/2020;3;0;0;0;0
PARAGUAY;29/03/2020;5;0;0;0;0
PARAGUAY;30/03/2020;1;0;0;0;0
PARAGUAY;31/03/2020;4;0;0;0;0
PARAGUAY;01/04/2020;8;0;1;1;0
PARAGUAY;02/04/2020;15;0;1;0;0
PARAGUAY;03/04/2020;4;0;9;0;0
PARAGUAY;04/04/2020;8;0;0;3;2
PARAGUAY;05/04/2020;9;2;0;0;0
PARAGUAY;06/04/2020;2;0;3;0;1
PARAGUAY;07/04/2020;4;0;15;0;1
PARAGUAY;08/04/2020;5;0;18;0;0
PARAGUAY;09/04/2020;5;1;18;0;0
PARAGUAY;10/04/2020;4;0;18;0;0
PARAGUAY;11/04/2020;1;0;4;0;0
PARAGUAY;12/04/2020;13;0;0;0;0
PARAGUAY;13/04/2020;12;1;0;0;0
PARAGUAY;14/04/2020;2;1;1;1;0
PARAGUAY;15/04/2020;13;0;7;0;0
PARAGUAY;16/04/2020;25;0;0;2;0
PARAGUAY;17/04/2020;3;0;5;1;0
PARAGUAY;18/04/2020;4;0;6;1;0
PARAGUAY;19/04/2020;2;0;5;3;0
PARAGUAY;20/04/2020;0;0;7;0;0
PARAGUAY;21/04/2020;5;1;9;0;0
PARAGUAY;22/04/2020;0;0;5;0;0
PARAGUAY;23/04/2020;7;0;3;0;0
PARAGUAY;24/04/2020;3;0;8;0;0
PARAGUAY;25/04/2020;5;0;7;1;0
PARAGUAY;26/04/2020;0;0;8;0;0
PARAGUAY;27/04/2020;2;0;2;0;0
PARAGUAY;28/04/2020;9;0;7;0;0
PARAGUAY;29/04/2020;10;0;9;1;0
PARAGUAY;30/04/2020;17;1;2;2;0
PARAGUAY;01/05/2020;67;0;2;0;0
PARAGUAY;02/05/2020;37;0;2;0;0
PARAGUAY;03/05/2020;27;0;7;3;0
PARAGUAY;04/05/2020;19;0;4;0;0
PARAGUAY;05/05/2020;16;0;5;0;0
PARAGUAY;06/05/2020;9;0;7;2;0
PARAGUAY;07/05/2020;22;0;6;0;0
PARAGUAY;08/05/2020;101;0;4;0;0
PARAGUAY;09/05/2020;126;0;3;3;0
PARAGUAY;10/05/2020;24;0;10;0;0
PARAGUAY;11/05/2020;11;0;5;1;0
PARAGUAY;12/05/2020;13;0;3;0;0
PARAGUAY;13/05/2020;3;1;9;0;0
PARAGUAY;14/05/2020;14;0;2;0;0
PARAGUAY;15/05/2020;5;0;9;0;0
PARAGUAY;16/05/2020;19;0;5;0;0
PARAGUAY;17/05/2020;8;0;4;0;0
PARAGUAY;18/05/2020;2;0;17;0;0
PARAGUAY;19/05/2020;41;0;11;0;0
PARAGUAY;20/05/2020;4;0;12;2;0
PARAGUAY;21/05/2020;3;0;14;1;0
PARAGUAY;22/05/2020;2;0;8;0;0
PARAGUAY;23/05/2020;12;0;34;0;0
PARAGUAY;24/05/2020;12;0;9;0;0
PARAGUAY;25/05/2020;3;0;37;0;0
PARAGUAY;26/05/2020;12;0;38;1;0
PARAGUAY;27/05/2020;7;0;10;0;0
PERU;06/03/2020;1;0;0;0;0
PERU;07/03/2020;5;0;0;0;0
PERU;08/03/2020;1;0;0;0;0
PERU;09/03/2020;2;0;0;0;0
PERU;10/03/2020;2;0;0;0;0
PERU;11/03/2020;6;0;0;0;0
PERU;12/03/2020;5;0;0;0;0
PERU;13/03/2020;16;0;0;0;0
PERU;14/03/2020;5;0;0;0;0
PERU;15/03/2020;28;0;0;1;1
PERU;16/03/2020;15;0;0;8;3
PERU;17/03/2020;31;0;0;13;3
PERU;18/03/2020;28;0;0;19;5
PERU;19/03/2020;89;2;1;19;7
PERU;20/03/2020;29;2;1;28;5
PERU;21/03/2020;55;1;1;29;5
PERU;22/03/2020;45;0;1;31;5
PERU;23/03/2020;32;0;1;10;7
PERU;24/03/2020;21;2;1;23;9
PERU;25/03/2020;64;2;1;38;12
PERU;26/03/2020;100;0;14;58;13
PERU;27/03/2020;55;2;14;79;19
PERU;28/03/2020;36;5;16;84;30
PERU;29/03/2020;181;2;16;107;37
PERU;30/03/2020;98;6;53;238;37
PERU;31/03/2020;115;6;394;190;57
PERU;01/04/2020;258;17;447;198;56
PERU;02/04/2020;91;8;537;189;51
PERU;03/04/2020;181;6;627;237;69
PERU;04/04/2020;151;0;914;285;88
PERU;05/04/2020;535;22;989;321;81
PERU;06/04/2020;280;9;8;387;89
PERU;07/04/2020;393;15;234;490;109
PERU;08/04/2020;1388;14;102;512;113
PERU;09/04/2020;914;17;105;600;124
PERU;10/04/2020;641;31;131;687;130
PERU;11/04/2020;951;12;170;788;142
PERU;12/04/2020;671;12;59;815;134
PERU;13/04/2020;2265;23;844;901;143
PERU;14/04/2020;519;14;227;914;132
PERU;15/04/2020;1172;24;239;1,113;146
PERU;16/04/2020;1016;20;3012;1,277;169
PERU;17/04/2020;998;26;421;1,219;137
PERU;18/04/2020;931;48;143;1,268;117
PERU;19/04/2020;1208;52;127;1,349;167
PERU;20/04/2020;697;45;157;1,682;385
PERU;21/04/2020;1,512;39;14;2,419;380
PERU;22/04/2020;1,413;46;45;2,434;396
PERU;23/04/2020;1,664;42;395;2,786;467
PERU;24/04/2020;734;62;74;3,194;505
PERU;25/04/2020;3,683;66;301;3,532;545
PERU;26/04/2020;2,186;28;291;3,632;554
PERU;27/04/2020;1,182;54;337;3,968;598
PERU;28/04/2020;2,491;72;754;4,088;600
PERU;29/04/2020;2,741;89;858;4,289;623
PERU;30/04/2020;3,045;108;368;4,978;651
PERU;01/05/2020;3,483;73;724;5,287;658
PERU;02/05/2020;2,075;76;1,305;5,098;671
PERU;03/05/2020;3,394;86;1,116;5,281;679
PERU;04/05/2020;1,444;58;877;5,435;694
PERU;05/05/2020;3,817;100;986;5,509;709
PERU;06/05/2020;3,628;89;2,114;5,729;717
PERU;07/05/2020;3,709;94;861;5,980;722
PERU;08/05/2020;3,321;87;624;6,155;730
PERU;09/05/2020;3,168;100;1,234;6,220;748
PERU;10/05/2020;2,292;75;1,103;6,601;774
PERU;11/05/2020;1,515;72;1,057;6,648;785
PERU;12/05/2020;3,237;96;918;6,862;797
PERU;13/05/2020;4,247;112;1,000;6,979;806
PERU;14/05/2020;4,298;98;827;6,941;842
PERU;15/05/2020;3,891;125;1,996;7,085;851
PERU;16/05/2020;4,046;131;1,125;7,275;840
PERU;17/05/2020;3,732;125;349;7,408;850
PERU;18/05/2020;2,660;141;1685;7,509;866
PERU;19/05/2020;4,550;125;6218;7,526;883
PERU;20/05/2020;4,537;110;5444;7,533;869
PERU;21/05/2020;4,749;124;1619;7,455;886
PERU;22/05/2020;2,929;96;1261;7,545;901
PERU;23/05/2020;4,056;129;3067;7,674;909
PERU;24/05/2020;4,205;83;1880;7,779;920
PERU;25/05/2020;4,020;173;1154;8,097;909
PERU;26/05/2020;5,772;159;1957;8,207;923
PERU;27/05/2020;6,154;195;3263;8,267;926
PERU;28/05/2020;5,874;116;3273;8,395;943
PERU;29/05/2020;6,506;131;3349;8,433;940
PERU;30/05/2020;7,386;141;3,656;8,465;940
PERU;31/05/2020;8,805;135;761;8,882;988
PERU;01/06/2020;5,563;128;1299;8,868;975
PERU;02/06/2020;4,845;133;750;8,930;964
PERU;03/06/2020;4,030;127;3062;10,101;998
PERU;04/06/2020;4,284;137;3909;9,063;1,005
PERU;05/06/2020;4,202;131;2986;9,198;1,041
PERU;06/05/2020;3628;89;2114;5729;717
PERU;07/05/2020;3709;94;861;5980;722
PERU;08/05/2020;3321;87;624;6155;730
PERU;09/05/2020;3168;100;1234;6220;748
PERU;10/05/2020;2292;75;1103;6601;774
PERU;11/05/2020;1515;72;1057;6648;785
PERU;12/05/2020;3237;96;918;6862;797
PERU;13/05/2020;4247;112;1000;6979;806
PERU;14/05/2020;4298;98;827;6941;842
PERU;15/05/2020;3891;125;1996;7085;851
PERU;16/05/2020;4046;131;1125;7275;840
PERU;17/05/2020;3732;125;349;7408;850
PERU;18/05/2020;2660;141;1685;7509;866
PERU;19/05/2020;4550;125;6218;7526;883
PERU;20/05/2020;4537;110;5444;7533;869
PERU;21/05/2020;4749;124;1619;7455;886
PERU;22/05/2020;2929;96;1261;7545;901
PERU;23/05/2020;4056;129;3067;7674;909
PERU;24/05/2020;4205;83;1880;7779;920
PERU;25/05/2020;4020;173;1154;8097;909
PERU;26/05/2020;5772;159;1957;8207;923
PERU;27/05/2020;6154;195;3263;8267;926
PERU;28/05/2020;5874;116;3273;8395;943
PERU;29/05/2020;6506;131;3349;8433;940
PERU;30/05/2020;7386;141;3656;8465;940
PERU;31/05/2020;8805;135;761;8882;988
PERU;01/06/2020;5563;128;1299;8868;975
PERU;02/06/2020;4845;133;750;8930;964
PERU;03/06/2020;4030;127;3062;10101;998
PERU;04/06/2020;4284;137;3909;9063;1005
PERU;05/06/2020;4202;131;2986;9198;1041
PERU;06/06/2020;4358;139;3517;9500;1062
PERU;07/06/2020;4757;164;3488;9583;1062
PERU;08/06/2020;3181;106;3337;9661;1072
PERU;09/06/2020;4040;167;3373;9903;1077
PERU;10/06/2020;5087;165;5102;9916;1065
PERU;11/06/2020;5965;206;4398;10026;1069
PERU;12/06/2020;5961;199;4704;10121;1089
PERU;13/06/2020;4383;190;4591;10342;1113
PERU;14/06/2020;4604;190;3855;10297;1111
PERU;15/06/2020;3256;172;3830;10295;1121
PERU;16/06/2020;4164;196;5796;10177;1112
PERU;17/06/2020;3752;201;3417;10204;1111
PERU;18/06/2020;3480;204;2568;10240;1130
PERU;19/06/2020;3537;199;4330;10445;1126
PERU;20/06/2020;3413;201;3243;10577;1143
PERU;21/06/2020;3598;184;3204;10566;1137
PERU;22/06/2020;2511;178;3353;10714;1144
PERU;23/06/2020;3363;181;3117;10588;1161
PERU;24/06/2020;3879;182;3152;10599;1166
PERU;25/06/2020;3913;175;4485;10587;1144
PERU;26/06/2020;3762;178;3732;10964;1172
PERU;27/06/2020;3625;196;4218;10762;1169
PERU;28/06/2020;3430;182;3974;10861;1178
PERU;29/06/2020;2946;187;3161;11000;1183
PERU;30/06/2020;2848;173;3376;11049;1185
PUERTO RICO;13/03/2020;3;0;0;0;0
PUERTO RICO;14/03/2020;0;0;0;0;0
PUERTO RICO;15/03/2020;2;0;0;0;0
PUERTO RICO;16/03/2020;0;0;0;0;0
PUERTO RICO;17/03/2020;0;0;0;0;0
PUERTO RICO;18/03/2020;0;0;0;0;0
PUERTO RICO;19/03/2020;1;0;0;0;0
PUERTO RICO;20/03/2020;8;0;0;0;0
PUERTO RICO;21/03/2020;7;1;0;0;0
PUERTO RICO;22/03/2020;2;0;0;0;0
PUERTO RICO;23/03/2020;8;1;0;0;0
PUERTO RICO;24/03/2020;8;0;0;0;0
PUERTO RICO;25/03/2020;12;0;0;0;0
PUERTO RICO;26/03/2020;13;0;0;0;0
PUERTO RICO;27/03/2020;15;1;0;0;0
PUERTO RICO;28/03/2020;21;2;0;0;0
PUERTO RICO;29/03/2020;27;0;0;0;0
PUERTO RICO;30/03/2020;47;1;0;0;0
PUERTO RICO;31/03/2020;65;2;0;0;0
PUERTO RICO;01/04/2020;47;3;0;0;0
PUERTO RICO;02/04/2020;30;1;0;0;0
PUERTO RICO;03/04/2020;62;3;0;0;0
PUERTO RICO;04/04/2020;74;3;0;0;0
PUERTO RICO;05/04/2020;23;2;0;0;0
PUERTO RICO;06/04/2020;38;1;0;0;0
PUERTO RICO;07/04/2020;60;2;0;0;0
PUERTO RICO;08/04/2020;47;1;0;0;0
PUERTO RICO;09/04/2020;63;9;0;0;0
PUERTO RICO;10/04/2020;42;6;0;0;0
PUERTO RICO;11/04/2020;63;3;0;0;0
PUERTO RICO;12/04/2020;109;2;0;0;0
PUERTO RICO;13/04/2020;6;1;0;0;0
PUERTO RICO;14/04/2020;20;0;0;0;0
PUERTO RICO;15/04/2020;51;6;0;0;0
PUERTO RICO;16/04/2020;69;5;0;0;0
PUERTO RICO;17/04/2020;25;2;0;0;0
PUERTO RICO;18/04/2020;50;2;0;0;0
PUERTO RICO;19/04/2020;95;2;0;0;0
PUERTO RICO;20/04/2020;39;1;0;0;0
PUERTO RICO;21/04/2020;46;1;0;0;0
PUERTO RICO;22/04/2020;80;3;0;0;0
PUERTO RICO;23/04/2020;38;2;0;0;0
PUERTO RICO;24/04/2020;31;14;0;0;0
PUERTO RICO;25/04/2020;64;1;0;0;0
PUERTO RICO;26/04/2020;18;0;0;0;0
PUERTO RICO;27/04/2020;11;2;0;0;0
PUERTO RICO;28/04/2020;33;0;0;0;0
PUERTO RICO;29/04/2020;106;6;0;0;0
PUERTO RICO;30/04/2020;36;2;0;0;0
PUERTO RICO;01/05/2020;182;1;0;0;0
PUERTO RICO;02/05/2020;51;2;0;0;0
PUERTO RICO;03/05/2020;35;0;0;0;0
PUERTO RICO;04/05/2020;81;2;0;0;0
PUERTO RICO;05/05/2020;44;0;0;0;0
PUERTO RICO;06/05/2020;63;3;0;0;0
PUERTO RICO;07/05/2020;125;5;0;0;0
PUERTO RICO;08/05/2020;17;1;0;0;0
PUERTO RICO;09/05/2020;25;3;0;0;0
PUERTO RICO;10/05/2020;58;2;0;0;0
PUERTO RICO;11/05/2020;43;1;0;0;0
PUERTO RICO;12/05/2020;30;1;0;0;0
PUERTO RICO;13/05/2020;98;2;0;0;0
PUERTO RICO;14/05/2020;115;5;0;0;0
PUERTO RICO;15/05/2020;47;0;0;0;0
PUERTO RICO;16/05/2020;57;1;0;0;0
PUERTO RICO;17/05/2020;64;1;0;0;0
PUERTO RICO;18/05/2020;95;0;0;0;0
PUERTO RICO;19/05/2020;62;1;0;0;0
PUERTO RICO;20/05/2020;47;1;0;0;0
PUERTO RICO;21/05/2020;117;0;0;0;0
PUERTO RICO;22/05/2020;79;1;0;0;0
PUERTO RICO;23/05/2020;89;0;0;0;0
PUERTO RICO;24/05/2020;71;2;0;0;0
PUERTO RICO;25/05/2020;64;0;0;0;0
PUERTO RICO;26/05/2020;73;0;0;0;0
PUERTO RICO;27/05/2020;89;2;0;0;0
PUERTO RICO;28/05/2020;161;1;0;0;0
PUERTO RICO;29/05/2020;71;1;0;0;0
PUERTO RICO;30/05/2020;58;3;0;0;0
PUERTO RICO;31/05/2020;97;0;0;0;0
PUERTO RICO;01/06/2020;62;2;0;0;0
PUERTO RICO;02/06/2020;88;2;0;0;0
PUERTO RICO;03/06/2020;130;0;0;0;0
PUERTO RICO;04/06/2020;112;1;0;0;0
PUERTO RICO;05/06/2020;208;1;0;0;0
PUERTO RICO;06/06/2020;70;0;0;0;0
PUERTO RICO;07/06/2020;61;0;0;0;0
PUERTO RICO;08/06/2020;109;0;0;0;0
PUERTO RICO;09/06/2020;122;1;0;0;0
PUERTO RICO;10/06/2020;23;1;0;0;0
PUERTO RICO;11/06/2020;99;2;0;0;0
PUERTO RICO;12/06/2020;117;0;0;0;0
PUERTO RICO;13/06/2020;80;1;0;0;0
PUERTO RICO;14/06/2020;53;0;0;0;0
PUERTO RICO;15/06/2020;25;0;0;0;0
PUERTO RICO;16/06/2020;28;0;0;0;0
PUERTO RICO;17/06/2020;65;0;0;0;0
PUERTO RICO;18/06/2020;67;0;0;0;0
PUERTO RICO;19/06/2020;215;0;0;0;0
PUERTO RICO;20/06/2020;32;2;0;0;0
PUERTO RICO;21/06/2020;26;0;0;0;0
PUERTO RICO;22/06/2020;69;0;0;0;0
PUERTO RICO;23/06/2020;89;0;0;0;0
PUERTO RICO;24/06/2020;41;2;0;0;0
PUERTO RICO;25/06/2020;26;0;0;0;0
PUERTO RICO;26/06/2020;132;1;0;0;0
PUERTO RICO;27/06/2020;100;1;0;0;0
PUERTO RICO;28/06/2020;53;0;0;0;0
PUERTO RICO;29/06/2020;175;0;0;0;0
PUERTO RICO;30/06/2020;68;0;0;0;0
SPAIN;09/03/2020;762;13;0;0;59
SPAIN;10/03/2020;623;19;0;0;32
SPAIN;11/03/2020;506;12;0;0;42
SPAIN;12/03/2020;822;37;0;0;48
SPAIN;13/03/2020;1259;34;0;0;82
SPAIN;14/03/2020;1546;18;0;0;144
SPAIN;15/03/2020;2000;152;0;0;144
SPAIN;16/03/2020;1438;21;530;0;144
SPAIN;17/03/2020;1987;182;498;0;131
SPAIN;18/03/2020;2538;107;53;0;211
SPAIN;19/03/2020;3431;169;44;0;165
SPAIN;20/03/2020;2833;235;481;0;186
SPAIN;21/03/2020;4946;324;540;13282;487
SPAIN;22/03/2020;3646;394;484;2272;173
SPAIN;23/03/2020;4517;462;782;2820;570
SPAIN;24/03/2020;6584;514;439;4388;281
SPAIN;25/03/2020;7937;738;1573;4198;530
SPAIN;26/03/2020;8578;655;1648;4952;513
SPAIN;27/03/2020;7871;769;2342;4381;486
SPAIN;28/03/2020;8189;832;2928;4337;410
SPAIN;29/03/2020;6549;838;2424;2767;332
SPAIN;30/03/2020;6398;812;2072;3220;324
SPAIN;31/03/2020;9222;849;2479;2626;376
SPAIN;01/04/2020;7719;864;3388;2175;265
SPAIN;02/04/2020;8102;950;4096;2695;220
SPAIN;03/04/2020;7472;932;3770;2524;324
SPAIN;04/04/2020;7026;809;3706;975;116
SPAIN;05/04/2020;6023;674;3861;1132;329
SPAIN;06/04/2020;4273;637;2357;918;70
SPAIN;07/04/2020;5478;743;2771;3431;138
SPAIN;08/04/2020;6180;757;4813;423;63
SPAIN;09/04/2020;5756;683;4144;3063;239
SPAIN;10/04/2020;4576;605;3503;993;111
SPAIN;11/04/2020;4830;510;3441;478;53
SPAIN;12/04/2020;4167;619;3282;5415;19
SPAIN;13/04/2020;3477;517;2336;1764;223
SPAIN;14/04/2020;3045;567;2777;523;74
SPAIN;15/04/2020;4978;523;3349;369;20
SPAIN;16/04/2020;5183;551;3947;1094;87
SPAIN;17/04/2020;5252;585;3502;594;34
SPAIN;18/04/2020;4499;565;3166;1666;79
SPAIN;19/04/2020;4218;410;2695;857;89
SPAIN;20/04/2020;3572;399;1694;542;46
SPAIN;21/04/2020;3968;430;1928;852;49
SPAIN;22/04/2020;4211;435;3401;972;52
SPAIN;23/04/2020;4635;440;3335;867;52
SPAIN;24/04/2020;2796;367;3105;932;118
SPAIN;25/04/2020;2944;378;3353;389;31
SPAIN;26/04/2020;1729;288;3024;1635;33
SPAIN;27/04/2020;1831;331;2144;351;174
SPAIN;28/04/2020;1308;301;1673;878;75
SPAIN;29/04/2020;2144;325;6399;908;49
SPAIN;30/04/2020;1309;628;3103;816;57
SPAIN;01/05/2020;1175;281;2628;732;84
SPAIN;02/05/2020;1147;276;2572;556;49
SPAIN;03/05/2020;838;164;1654;547;65
SPAIN;04/05/2020;356;164;2447;394;21
SPAIN;05/05/2020;867;185;0;720;37
SPAIN;06/05/2020;685;244;0;857;51
SPAIN;07/05/2020;754;213;0;548;58
SPAIN;08/05/2020;1095;229;0;762;85
SPAIN;09/05/2020;604;179;0;489;70
SPAIN;10/05/2020;621;143;0;465;36
SPAIN;11/05/2020;373;123;0;257;20
SPAIN;12/05/2020;426;176;0;513;24
SPAIN;13/05/2020;439;184;0;412;65
SPAIN;14/05/2020;506;217;0;330;29
SPAIN;15/05/2020;549;138;0;346;29
SPAIN;16/05/2020;539;102;0;258;10
SPAIN;17/05/2020;391;87;0;327;28
SPAIN;18/05/2020;285;59;0;172;15
SPAIN;19/05/2020;295;83;0;166;11
SPAIN;20/05/2020;416;95;0;193;31
SPAIN;21/05/2020;344;48;0;140;20
SPAIN;22/05/2020;446;56;0;123;20
SPAIN;23/05/2020;361;48;0;125;13
SPAIN;24/05/2020;246;70;0;86;3
SPAIN;25/05/2020;132;50;0;256;11
SPAIN;26/05/2020;194;35;0;256;12
SPAIN;27/05/2020;231;39;0;283;13
SPAIN;28/05/2020;182;38;0;301;11
SPAIN;29/05/2020;187;39;0;286;12
SPAIN;30/05/2020;271;43;0;287;10
SPAIN;31/05/2020;96;39;0;263;9
SPAIN;01/06/2020;71;35;0;245;9
SPAIN;02/06/2020;137;34;0;243;11
SPAIN;03/06/2020;219;63;0;221;10
SPAIN;04/06/2020;195;56;0;166;11
SPAIN;05/06/2020;177;52;0;162;14
SPAIN;06/06/2020;164;67;0;169;15
SPAIN;07/06/2020;102;72;0;148;14
SPAIN;08/06/2020;48;56;0;145;14
SPAIN;09/06/2020;84;50;0;149;12
SPAIN;10/06/2020;167;40;0;139;12
SPAIN;11/06/2020;156;32;0;151;10
SPAIN;12/06/2020;155;25;0;141;10
SPAIN;13/06/2020;130;27;0;125;7
SPAIN;14/06/2020;48;26;0;110;5
SPAIN;15/06/2020;40;25;0;94;3
SPAIN;16/06/2020;76;25;0;86;6
SPAIN;17/06/2020;141;30;0;97;10
SPAIN;18/06/2020;143;52;0;89;9
SPAIN;19/06/2020;154;40;0;97;8
SPAIN;20/06/2020;134;36;0;101;6
SPAIN;21/06/2020;141;29;0;99;5
SPAIN;22/06/2020;125;21;0;150;10
SPAIN;23/06/2020;108;14;0;151;13
SPAIN;24/06/2020;196;10;0;150;16
SPAIN;25/06/2020;157;11;0;146;14
SPAIN;26/06/2020;191;11;0;147;12
SPAIN;27/06/2020;191;13;0;150;17
SPAIN;28/06/2020;118;13;0;137;16
SPAIN;29/06/2020;84;12;0;137;15
SPAIN;30/06/2020;99;20;0;153;11
SPAIN;01/07/2020;149;19;0;151;9
SPAIN;02/07/2020;134;24;0;136;11
SPAIN;03/07/2020;174;21;0;141;13
SPAIN;04/07/2020;126;16;0;139;11
SPAIN;05/07/2020;126;16;0;139;11
SPAIN;06/07/2020;78;12;0;138;10
SPAIN;07/07/2020;124;9;0;157;7
SPAIN;08/07/2020;257;9;0;137;6
SPAIN;09/07/2020;241;10;0;150;5
SPAIN;10/07/2020;333;10;0;156;8
SPAIN;11/07/2020;248;8;0;150;8
SPAIN;12/07/2020;248;8;0;150;8
SPAIN;13/07/2020;164;7;0;146;8
SPAIN;14/07/2020;263;8;0;165;11
SPAIN;15/07/2020;390;10;0;176;13
SPAIN;16/07/2020;580;9;0;196;17
SPAIN;17/07/2020;628;10;0;228;18
URUGUAY;13/03/2020;4;0;0;0;0
URUGUAY;14/03/2020;2;0;0;0;0
URUGUAY;15/03/2020;2;0;0;0;0
URUGUAY;16/03/2020;21;0;0;0;0
URUGUAY;17/03/2020;21;0;0;2;0
URUGUAY;18/03/2020;29;0;2;0;0
URUGUAY;19/03/2020;15;0;0;0;0
URUGUAY;20/03/2020;16;0;0;4;0
URUGUAY;21/03/2020;25;0;0;4;2
URUGUAY;22/03/2020;23;0;0;4;1
URUGUAY;23/03/2020;4;0;0;4;1
URUGUAY;24/03/2020;27;0;0;3;1
URUGUAY;25/03/2020;28;0;0;12;4
URUGUAY;26/03/2020;21;0;0;18;4
URUGUAY;27/03/2020;36;0;0;13;8
URUGUAY;28/03/2020;30;1;0;13;8
URUGUAY;29/03/2020;6;0;0;12;10
URUGUAY;30/03/2020;10;0;0;12;11
URUGUAY;31/03/2020;18;0;0;13;12
URUGUAY;01/04/2020;12;1;21;14;13
URUGUAY;02/04/2020;19;2;6;14;13
URUGUAY;03/04/2020;17;0;18;14;13
URUGUAY;04/04/2020;14;1;7;15;13
URUGUAY;05/04/2020;6;1;11;15;14
URUGUAY;06/04/2020;9;0;19;15;14
URUGUAY;07/04/2020;9;1;27;18;14
URUGUAY;08/04/2020;32;0;42;18;14
URUGUAY;09/04/2020;17;0;14;17;13
URUGUAY;10/04/2020;21;0;8;15;15
URUGUAY;11/04/2020;7;0;10;17;16
URUGUAY;12/04/2020;11;7;7;16;16
URUGUAY;13/04/2020;9;1;17;15;15
URUGUAY;14/04/2020;12;0;12;14;14
URUGUAY;15/04/2020;6;1;12;13;13
URUGUAY;16/04/2020;13;0;14;13;13
URUGUAY;17/04/2020;18;0;8;12;12
URUGUAY;18/04/2020;18;0;4;14;14
URUGUAY;19/04/2020;4;0;0;13;13
URUGUAY;20/04/2020;10;1;15;13;13
URUGUAY;21/04/2020;11;2;11;10;10
URUGUAY;22/04/2020;8;0;13;10;10
URUGUAY;23/04/2020;9;0;17;10;10
URUGUAY;24/04/2020;6;0;15;9;9
URUGUAY;25/04/2020;46;2;1;9;9
URUGUAY;26/04/2020;12;1;5;10;10
URUGUAY;27/04/2020;2;0;11;11;11
URUGUAY;28/04/2020;6;0;8;11;11
URUGUAY;29/04/2020;18;0;18;11;11
URUGUAY;30/04/2020;11;2;5;10;10
URUGUAY;01/05/2020;5;0;18;10;10
URUGUAY;02/05/2020;4;0;5;10;10
URUGUAY;03/05/2020;7;0;2;10;10
URUGUAY;04/05/2020;7;0;5;10;10
URUGUAY;05/05/2020;13;0;21;10;10
URUGUAY;06/05/2020;8;0;18;10;10
URUGUAY;07/05/2020;26;0;6;9;9
URUGUAY;08/05/2020;19;1;14;8;8
URUGUAY;09/05/2020;4;0;7;8;8
URUGUAY;10/05/2020;7;1;4;8;8
URUGUAY;11/05/2020;5;0;6;8;8
URUGUAY;12/05/2020;7;0;9;8;8
URUGUAY;13/05/2020;9;0;13;8;8
URUGUAY;14/05/2020;7;0;2;7;7
URUGUAY;15/05/2020;4;0;6;7;7
URUGUAY;16/05/2020;7;0;5;5;5
URUGUAY;17/05/2020;14;1;6;4;4
URUGUAY;18/05/2020;3;0;5;4;4
URUGUAY;19/05/2020;1;0;10;4;4
URUGUAY;20/05/2020;12;0;9;4;4
URUGUAY;21/05/2020;9;0;6;5;5
URUGUAY;22/05/2020;12;0;9;5;5
URUGUAY;23/05/2020;14;2;13;5;5
URUGUAY;24/05/2020;2;0;2;5;5
URUGUAY;25/05/2020;19;0;11;5;5
URUGUAY;26/05/2020;2;0;9;5;5
URUGUAY;27/05/2020;14;0;12;5;5
URUGUAY;28/05/2020;12;0;4;5;5
URUGUAY;29/05/2020;7;0;26;6;6
URUGUAY;30/05/2020;8;0;2;5;5
URUGUAY;31/05/2020;4;1;3;5;5
URUGUAY;01/06/2020;9;0;4;4;4
URUGUAY;02/06/2020;3;0;2;4;4
URUGUAY;03/06/2020;0;0;7;4;4
URUGUAY;04/06/2020;4;0;11;4;4
URUGUAY;05/06/2020;11;0;12;4;4
URUGUAY;06/06/2020;5;0;5;4;4
URUGUAY;07/06/2020;5;0;4;4;4
URUGUAY;08/06/2020;0;0;8;4;4
URUGUAY;09/06/2020;1;0;16;4;4
URUGUAY;10/06/2020;1;0;4;4;4
URUGUAY;11/06/2020;4;0;14;4;4
URUGUAY;12/06/2020;3;0;8;3;3
URUGUAY;13/06/2020;0;0;4;3;3
URUGUAY;14/06/2020;2;0;4;3;3
URUGUAY;15/06/2020;0;0;4;3;3
URUGUAY;16/06/2020;1;1;9;3;3
URUGUAY;17/06/2020;0;0;9;4;4
URUGUAY;18/06/2020;1;0;4;4;4
URUGUAY;19/06/2020;3;1;0;4;4
URUGUAY;20/06/2020;6;1;1;4;4
URUGUAY;21/06/2020;17;0;0;4;4
URUGUAY;22/06/2020;6;0;0;4;4
URUGUAY;23/06/2020;3;0;0;4;4
URUGUAY;24/06/2020;17;0;0;2;2
URUGUAY;25/06/2020;5;1;3;2;2
URUGUAY;26/06/2020;12;1;0;2;2
URUGUAY;27/06/2020;5;0;0;2;2
URUGUAY;28/06/2020;5;0;0;2;2
URUGUAY;29/06/2020;3;0;4;2;2
URUGUAY;30/06/2020;4;0;2;2;2
NETHERLAND;09/03/2020;56;3;0;0;0
NETHERLAND;10/03/2020;61;1;0;0;0
NETHERLAND;11/03/2020;121;1;0;0;0
NETHERLAND;12/03/2020;111;0;0;86;0
NETHERLAND;13/03/2020;804;9;0;115;0
NETHERLAND;14/03/2020;155;3;0;21;0
NETHERLAND;15/03/2020;176;7;0;26;0
NETHERLAND;16/03/2020;278;4;0;43;0
NETHERLAND;17/03/2020;292;17;0;109;0
NETHERLAND;18/03/2020;346;16;0;94;0
NETHERLAND;19/03/2020;409;21;0;81;0
NETHERLAND;20/03/2020;1191;28;0;159;0
NETHERLAND;21/03/2020;-20;31;0;188;0
NETHERLAND;22/03/2020;573;44;0;152;0
NETHERLAND;23/03/2020;545;33;0;242;0
NETHERLAND;24/03/2020;811;63;0;265;0
NETHERLAND;25/03/2020;852;80;0;341;2467
NETHERLAND;26/03/2020;1019;78;0;315;0
NETHERLAND;27/03/2020;1172;112;0;349;100
NETHERLAND;28/03/2020;1159;93;0;454;100
NETHERLAND;29/03/2020;1104;132;0;529;100
NETHERLAND;30/03/2020;884;93;0;507;100
NETHERLAND;31/03/2020;845;175;0;722;0
NETHERLAND;01/04/2020;1019;134;0;447;0
NETHERLAND;02/04/2020;1083;166;0;625;0
NETHERLAND;03/04/2020;1026;148;0;501;0
NETHERLAND;04/04/2020;904;164;0;336;0
NETHERLAND;05/04/2020;1224;117;0;253;0
NETHERLAND;06/04/2020;952;99;0;260;0
NETHERLAND;07/04/2020;777;234;0;292;0
NETHERLAND;08/04/2020;969;147;0;308;0
NETHERLAND;09/04/2020;1213;148;0;237;0
NETHERLAND;10/04/2020;1335;115;0;225;0
NETHERLAND;11/04/2020;1316;132;0;190;0
NETHERLAND;12/04/2020;1174;94;0;196;0
NETHERLAND;13/04/2020;964;86;0;147;0
NETHERLAND;14/04/2020;868;122;0;210;0
NETHERLAND;15/04/2020;734;189;0;188;0
NETHERLAND;16/04/2020;1061;181;0;182;0
NETHERLAND;17/04/2020;1235;144;0;156;0
NETHERLAND;18/04/2020;1140;142;250;129;1200
NETHERLAND;19/04/2020;1066;83;322;110;0
NETHERLAND;20/04/2020;750;67;74;75;0
NETHERLAND;21/04/2020;729;165;0;118;0
NETHERLAND;22/04/2020;708;138;0;124;0
NETHERLAND;23/04/2020;887;123;0;137;0
NETHERLAND;24/04/2020;806;112;0;123;0
NETHERLAND;25/04/2020;655;120;0;100;0
NETHERLAND;26/04/2020;655;66;0;75;0
NETHERLAND;27/04/2020;400;43;0;65;0
NETHERLAND;28/04/2020;171;48;0;88;0
NETHERLAND;29/04/2020;386;145;0;76;0
NETHERLAND;30/04/2020;514;84;0;84;0
NETHERLAND;01/05/2020;475;98;0;85;0
NETHERLAND;02/05/2020;445;94;0;93;0
NETHERLAND;03/05/2020;335;69;0;41;0
NETHERLAND;04/05/2020;199;26;0;36;0
NETHERLAND;05/05/2020;317;86;0;79;0
NETHERLAND;06/05/2020;232;36;0;20;0
NETHERLAND;07/05/2020;455;84;0;33;0
NETHERLAND;08/05/2020;319;71;0;71;0
NETHERLAND;09/05/2020;289;63;0;58;0
NETHERLAND;10/05/2020;245;18;0;22;0
NETHERLAND;11/05/2020;161;16;0;36;0
NETHERLAND;12/05/2020;196;54;0;35;0
NETHERLAND;13/05/2020;227;52;0;52;0
NETHERLAND;14/05/2020;270;28;0;27;0
NETHERLAND;15/05/2020;200;53;0;35;0
NETHERLAND;16/05/2020;189;27;0;45;0
NETHERLAND;17/05/2020;125;10;0;15;0
NETHERLAND;18/05/2020;146;14;0;27;0
NETHERLAND;19/05/2020;108;21;0;34;0
NETHERLAND;20/05/2020;198;33;0;14;0
NETHERLAND;21/05/2020;253;27;0;13;0
NETHERLAND;22/05/2020;188;13;0;9;0
NETHERLAND;23/05/2020;176;23;0;10;0
NETHERLAND;24/05/2020;172;11;0;13;0
NETHERLAND;25/05/2020;209;8;0;8;0
NETHERLAND;26/05/2020;133;26;0;10;0
NETHERLAND;27/05/2020;190;15;0;7;0
NETHERLAND;28/05/2020;182;32;0;16;0
NETHERLAND;29/05/2020;176;28;0;9;0
NETHERLAND;30/05/2020;131;20;0;5;0
NETHERLAND;31/05/2020;185;5;0;8;0
NETHERLAND;01/06/2020;103;6;0;9;0
NETHERLAND;02/06/2020;102;5;0;6;0
NETHERLAND;03/06/2020;86;10;0;9;0
NETHERLAND;04/06/2020;209;13;0;12;0
NETHERLAND;05/06/2020;210;15;0;11;0
NETHERLAND;06/06/2020;183;6;0;3;0
NETHERLAND;07/06/2020;239;2;0;4;0
NETHERLAND;08/06/2020;165;3;0;5;0
NETHERLAND;09/06/2020;164;15;0;6;0
NETHERLAND;10/06/2020;184;11;0;5;0
NETHERLAND;11/06/2020;164;2;0;3;0
NETHERLAND;12/06/2020;210;9;0;5;0
NETHERLAND;13/06/2020;179;4;0;9;0
NETHERLAND;14/06/2020;143;2;0;6;0
NETHERLAND;15/06/2020;165;6;0;3;0
NETHERLAND;16/06/2020;139;5;0;3;0
NETHERLAND;17/06/2020;117;4;0;2;0
NETHERLAND;18/06/2020;115;4;0;-1;0
NETHERLAND;19/06/2020;107;3;0;11;0
NETHERLAND;20/06/2020;76;8;0;0;0
NETHERLAND;21/06/2020;91;1;0;3;0
NETHERLAND;22/06/2020;65;0;0;2;0
NETHERLAND;23/06/2020;64;5;0;2;0
NETHERLAND;24/06/2020;82;2;0;6;0
NETHERLAND;25/06/2020;110;3;0;4;0
NETHERLAND;26/06/2020;91;3;0;5;0
NETHERLAND;27/06/2020;69;2;0;0;0
NETHERLAND;28/06/2020;73;0;0;3;0
NETHERLAND;29/06/2020;76;2;0;3;0
NETHERLAND;30/06/2020;50;6;0;3;0
NETHERLAND;01/07/2020;62;2;0;1;0
NETHERLAND;02/07/2020;77;3;0;0;0
NETHERLAND;03/07/2020;75;2;0;4;0
NETHERLAND;04/07/2020;61;6;0;1;0
NETHERLAND;05/07/2020;73;1;0;1;0
NETHERLAND;06/07/2020;36;1;0;0;0
NETHERLAND;07/07/2020;37;4;0;2;0
NETHERLAND;08/07/2020;52;3;0;3;0
NETHERLAND;09/07/2020;52;2;0;-2;0
NETHERLAND;10/07/2020;42;-1;0;1;0
NETHERLAND;11/07/2020;81;1;0;3;0
NETHERLAND;12/07/2020;101;0;0;2;0
NETHERLAND;13/07/2020;71;0;0;1;0
NETHERLAND;14/07/2020;53;-2;0;-2;0
NETHERLAND;15/07/2020;106;1;0;5;0
NETHERLAND;16/07/2020;99;1;0;1;0
NETHERLAND;17/07/2020;103;1;0;-4;0
NETHERLAND;18/07/2020;127;-2;0;1;0
NETHERLAND;19/07/2020;144;0;0;3;0
NETHERLAND;20/07/2020;185;0;0;2;0
NETHERLAND;21/07/2020;163;0;0;2;0
NETHERLAND;22/07/2020;168;3;0;0;0
NETHERLAND;23/07/2020;163;0;0;3;0
NETHERLAND;24/07/2020;191;0;0;-1;0
NETHERLAND;25/07/2020;137;1;0;2;0
NETHERLAND;26/07/2020;214;0;0;2;0
NETHERLAND;27/07/2020;205;1;0;5;0
